,CITY,CLOUDINESS,COUNTRY,DATE,HUMIDITY,LAT,LNG,MAX TEMP,WIND SPEED
0,Mataura,100,NZ,1619465169,88,-46.1927,168.8643,39.99,1.01
1,Castaños,100,MX,1619465169,14,26.7833,-101.4167,95.72,7.09
2,Mar del Plata,0,AR,1619465029,67,-38.0023,-57.5575,62.6,10.36
3,Cape Town,75,ZA,1619465160,72,-33.9258,18.4232,64.99,16.11
4,Pundaguitan,100,PH,1619465169,75,6.3711,126.1689,80.8,5.84
5,Puerto Ayora,40,EC,1619464973,65,-0.7393,-90.3518,84.2,16.11
6,Guarda,33,PT,1619465170,75,40.5373,-7.2658,60.01,3.0
7,Ribeira Grande,75,PT,1619465170,72,38.5167,-28.7,62.6,8.05
8,Bluff,61,NZ,1619465170,88,-46.6,168.3333,39.99,1.01
9,Port Lincoln,94,AU,1619465170,79,-34.7333,135.8667,60.28,5.26
10,Severo-Kuril'sk,100,RU,1619465171,94,50.6789,156.125,30.29,22.64
11,Busselton,100,AU,1619465171,91,-33.65,115.3333,57.0,1.19
12,Tura,100,IN,1619465171,26,25.5198,90.2201,79.47,3.2
13,Ambunti,87,PG,1619465171,99,-4.2365,142.8448,72.46,0.13
14,Port Alfred,100,ZA,1619464965,83,-33.5906,26.891,68.61,12.1
15,Albany,1,US,1619464807,29,42.6001,-73.9662,55.0,7.0
16,Pangai,75,TO,1619465172,83,-19.8,-174.35,80.6,5.75
17,Kasama,100,ZM,1619465172,81,-10.2129,31.1808,65.71,4.61
18,Scarborough,93,GB,1619465117,75,54.2797,-0.4044,45.0,4.0
19,Kapaa,40,US,1619464960,73,22.0752,-159.319,77.0,12.66
20,Homer,1,US,1619465172,35,59.6425,-151.5483,55.4,5.75
21,Punta Arenas,90,CL,1619464949,100,-53.15,-70.9167,44.6,9.22
22,Bud,1,US,1619465173,37,39.447,-86.1758,73.99,13.8
23,Clyde River,90,CA,1619464997,100,70.4692,-68.5914,24.8,5.19
24,Saldanha,47,ZA,1619465173,94,-33.0117,17.9442,60.8,21.85
25,Ryōtsu-minato,1,JP,1619465173,58,38.0833,138.4333,42.42,5.19
26,Tessalit,18,ML,1619465174,6,20.1986,1.0114,96.4,8.41
27,General Roca,0,AR,1619465076,53,-39.0333,-67.5833,71.6,4.61
28,Richards Bay,29,ZA,1619465174,89,-28.783,32.0377,67.19,4.41
29,Airai,100,TL,1619465174,76,-8.9266,125.4092,55.76,1.03
30,Pangkalanbuun,34,ID,1619465174,96,-2.6833,111.6167,74.61,1.61
31,Avarua,40,CK,1619465175,89,-21.2078,-159.775,78.8,3.44
32,La Providencia,1,MX,1619465175,54,28.7167,-111.5833,84.0,11.99
33,Dikson,100,RU,1619465175,98,73.5069,80.5464,31.77,19.26
34,Arraial do Cabo,40,BR,1619465176,78,-22.9661,-42.0278,78.8,10.36
35,Pevek,95,RU,1619465176,94,69.7008,170.3133,15.13,2.77
36,Souillac,75,MU,1619465176,83,-20.5167,57.5167,78.8,14.97
37,Tuktoyaktuk,1,CA,1619464955,72,69.4541,-133.0374,8.6,18.41
38,College,75,US,1619465176,40,64.8569,-147.8028,50.0,2.17
39,Rikitea,43,PF,1619465177,76,-23.1203,-134.9692,76.96,8.01
40,Comodoro Rivadavia,0,AR,1619464942,40,-45.8667,-67.5,68.0,12.66
41,Thompson,75,CA,1619465177,49,55.7435,-97.8558,46.4,9.22
42,Rauma,90,FI,1619465177,70,61.1272,21.5113,39.2,10.36
43,Coquimbo,75,CL,1619465177,77,-29.9533,-71.3436,60.8,9.22
44,Scharnstein,26,AT,1619465178,43,47.9044,13.9601,51.8,10.36
45,Goderich,100,CA,1619464961,65,43.7501,-81.7165,37.4,6.91
46,Ishinomaki,5,JP,1619465178,67,38.4167,141.3,38.79,7.9
47,Tasiilaq,75,GL,1619465178,75,65.6145,-37.6368,39.2,9.93
48,Newport,100,GB,1619465179,50,51.5877,-2.9984,53.6,8.05
49,Butaritari,85,KI,1619465179,74,3.0707,172.7902,83.19,13.76
50,Hobart,1,AU,1619465161,87,-42.8794,147.3294,48.0,5.93
51,Atuona,44,PF,1619465179,74,-9.8,-139.0333,79.74,14.05
52,Murdochville,100,CA,1619465179,100,48.9583,-65.5006,39.2,24.16
53,Leningradskiy,70,RU,1619465180,95,69.3833,178.4167,23.88,4.56
54,Vila Velha,0,BR,1619465054,74,-20.3297,-40.2925,82.99,12.66
55,Morondava,27,MG,1619465180,78,-20.2833,44.2833,79.81,11.77
56,Rørvik,40,NO,1619465180,81,64.8621,11.2373,37.4,6.91
57,Castro,10,BR,1619465181,55,-24.7911,-50.0119,70.77,6.93
58,St. George's,20,GD,1619465181,70,12.0564,-61.7485,84.2,23.02
59,Aberdeen,40,GB,1619465181,93,57.1437,-2.0981,46.4,3.44
60,Doha,0,QA,1619464996,58,25.2867,51.5333,84.99,5.75
61,Talaya,34,RU,1619465181,96,61.3833,152.75,-7.13,3.2
62,Touros,40,BR,1619465182,70,-5.1989,-35.4608,84.2,12.66
63,Nauta,56,PE,1619465182,56,-4.5061,-73.5757,88.43,4.05
64,Totness,95,SR,1619465116,79,5.8833,-56.3167,80.64,12.41
65,Kaitangata,72,NZ,1619465182,84,-46.2817,169.8464,39.99,4.0
66,Mishan,98,CN,1619465182,84,45.55,131.8833,39.47,4.74
67,Mayya,20,RU,1619465183,86,61.7333,130.2811,33.8,4.47
68,Mitsamiouli,27,KM,1619465183,72,-11.3847,43.2844,81.43,8.63
69,Bushehr,94,IR,1619465183,50,28.9684,50.8385,80.6,5.46
70,Jurm,82,AF,1619465183,49,36.8648,70.8342,58.33,5.21
71,Ushuaia,90,AR,1619465031,81,-54.8,-68.3,44.6,4.88
72,Hīt,91,IQ,1619465184,25,33.6416,42.8251,85.87,3.49
73,Cayenne,75,GF,1619465184,94,4.9333,-52.3333,77.0,4.61
74,Narsaq,75,GL,1619465184,81,60.9167,-46.05,39.2,11.5
75,Alto Araguaia,93,BR,1619465185,43,-17.3147,-53.2153,83.86,4.99
76,Bonthe,89,SL,1619465185,71,7.5264,-12.505,82.18,10.38
77,Sobolevo,11,RU,1619465185,75,54.4299,31.8996,32.05,5.53
78,São Gabriel da Cachoeira,20,BR,1619465185,58,-0.1303,-67.0892,91.4,6.91
79,Bay Roberts,100,CA,1619465186,51,47.5999,-53.2648,48.0,8.99
80,Vaini,75,TO,1619465186,94,-21.2,-175.2,75.2,14.97
81,Hastings,74,GB,1619465186,70,50.8552,0.5729,46.0,11.5
82,Sattenapalle,0,IN,1619465186,71,16.4,80.1833,81.64,10.18
83,Khandyga,100,RU,1619465187,98,62.6667,135.6,31.35,6.22
84,Jamestown,1,US,1619464928,29,42.097,-79.2353,52.0,10.36
85,Bredasdorp,0,ZA,1619465187,94,-34.5322,20.0403,53.6,6.91
86,Karaman Province,80,TR,1619465187,70,37.0833,33.25,50.47,14.2
87,Alta Floresta,20,BR,1619465187,66,-9.8756,-56.0861,86.0,4.61
88,Sørland,20,NO,1619465188,81,67.667,12.6934,37.4,13.8
89,Borogontsy,100,RU,1619465188,99,62.6683,131.1683,31.15,4.03
90,Nikolskoye,75,RU,1619465188,75,59.7035,30.7861,42.8,4.47
91,Lauchhammer,91,DE,1619465188,52,51.5,13.8,42.01,6.96
92,Tazovsky,100,RU,1619465189,97,67.4667,78.7,32.79,12.73
93,Te Anau,55,NZ,1619465189,92,-45.4167,167.7167,34.77,1.25
94,Guía de Isora,40,ES,1619465189,68,28.2115,-16.7795,70.0,6.91
95,Tshela,100,CD,1619465189,97,-4.9833,12.9333,74.95,0.67
96,Garoowe,100,SO,1619465190,58,8.4054,48.4845,81.34,2.71
97,Värnamo,18,SE,1619465190,52,57.186,14.04,39.99,5.75
98,Taitung City,79,TW,1619465190,80,22.7583,121.1444,70.68,3.13
99,Qaanaaq,70,GL,1619465190,72,77.484,-69.3632,37.87,6.98
100,Deputatsky,100,RU,1619465008,95,69.3,139.9,21.24,1.48
101,Linguère,0,SN,1619465191,18,15.3953,-15.1193,104.0,4.61
102,Nador,0,MA,1619465191,77,35.174,-2.9287,64.4,8.05
103,Bantou,100,CN,1619465191,92,26.2151,117.4893,67.53,1.36
104,Marathon,20,US,1619465192,57,44.9,-89.7668,48.2,13.8
105,Alice Springs,0,AU,1619465192,65,-23.7,133.8833,44.6,4.61
106,Flinders,1,AU,1619465192,89,-34.5833,150.8552,54.0,1.01
107,Vermillion,75,US,1619465192,53,42.7794,-96.9292,78.01,3.44
108,Río Gallegos,75,AR,1619464958,28,-51.6226,-69.2181,69.8,25.32
109,George Town,20,MY,1619465064,89,5.4112,100.3354,80.6,4.61
110,Chililabombwe,76,ZM,1619465193,91,-12.3648,27.8229,63.18,2.53
111,Petropavlovsk-Kamchatskiy,90,RU,1619465036,100,53.0452,158.6483,32.0,2.24
112,Inta,100,RU,1619465193,96,66.0317,60.1659,36.93,13.13
113,Ojinaga,1,MX,1619465193,8,29.5667,-104.4167,87.8,12.59
114,Inhambane,0,MZ,1619465193,84,-23.865,35.3833,72.59,5.14
115,Tiksi,100,RU,1619465059,95,71.6872,128.8694,16.2,8.14
116,Codrington,31,AU,1619465194,82,-38.2667,141.9667,53.83,4.61
117,Dhidhdhoo,26,MV,1619465194,71,6.8833,73.1,84.51,5.79
118,Chokurdakh,100,RU,1619465194,95,70.6333,147.9167,19.76,4.56
119,Darnah,3,LY,1619465195,82,32.767,22.6367,60.69,10.45
120,Saint-Philippe,75,RE,1619465195,78,-21.3585,55.7679,77.0,20.71
121,New Ulm,90,US,1619465195,62,44.3125,-94.4605,60.01,6.91
122,Lagoa,97,PT,1619464945,74,39.05,-27.9833,61.21,7.43
123,Conde,20,BR,1619465195,83,-7.2597,-34.9075,80.6,10.36
124,Fairbanks,1,US,1619465071,40,64.8378,-147.7164,50.0,2.06
125,Ust'-Koksa,100,RU,1619465196,71,50.2696,85.6108,33.82,2.33
126,High Level,75,CA,1619465196,58,58.5169,-117.136,21.2,18.41
127,Boa Vista,75,BR,1619464947,88,2.8197,-60.6733,77.0,6.91
128,Harrismith,22,ZA,1619465196,29,-28.2728,29.1295,51.98,3.2
129,Areosa,20,PT,1619465196,82,41.7178,-8.8571,61.0,8.05
130,Saint-Augustin,100,CA,1619465197,81,51.226,-58.6502,43.72,24.79
131,Faya,0,SA,1619465197,88,18.3851,42.4509,59.0,1.88
132,Ibatiba,88,BR,1619465197,73,-20.2339,-41.5106,75.33,2.44
133,Departamento de Maldonado,40,UY,1619465197,59,-34.6667,-54.9167,66.2,12.66
134,New Norfolk,7,AU,1619464997,81,-42.7826,147.0587,48.0,3.13
135,Hermanus,46,ZA,1619465198,88,-34.4187,19.2345,57.0,1.01
136,Daru,100,PG,1619465198,90,-9.0763,143.2092,76.35,6.15
137,Pisco,75,PE,1619465087,88,-13.7,-76.2167,70.0,9.22
138,Upernavik,43,GL,1619465198,89,72.7868,-56.1549,36.16,6.6
139,Lima,75,PE,1619464983,77,-12.0432,-77.0282,68.0,8.05
140,Vrangel',97,RU,1619465199,75,42.7297,133.0839,41.43,3.51
141,Inírida,97,CO,1619465199,70,3.8653,-67.9239,85.6,1.83
142,Betafo,100,MG,1619465199,95,-19.8333,46.85,60.35,5.32
143,Panórama,20,GR,1619465166,72,40.5878,23.0315,59.0,10.36
144,Kabanjahe,40,ID,1619465200,100,3.1001,98.4908,77.0,3.44
145,Huinan,100,CN,1619465200,69,42.6225,126.2614,51.8,13.51
146,Longyearbyen,20,SJ,1619464954,63,78.2186,15.6401,23.0,11.5
147,Portland,75,US,1619464629,71,45.5234,-122.6762,57.0,4.61
148,La Roche-sur-Yon,0,FR,1619465200,51,46.6667,-1.4333,59.0,10.36
149,Ocampo,99,MX,1619465201,50,21.65,-101.5,87.01,9.42
150,Nanortalik,100,GL,1619465201,98,60.1432,-45.2371,35.1,3.15
151,La Ronge,100,CA,1619465201,20,55.1001,-105.2842,53.6,10.36
152,Manavālakurichi,20,IN,1619465201,84,8.1333,77.3,84.2,3.44
153,Torbay,90,CA,1619465202,60,47.6666,-52.7314,43.0,18.41
154,Hong Kong,100,HK,1619464997,92,22.2855,114.1577,73.0,1.99
155,Adrar,41,MR,1619465202,14,20.5022,-10.0711,92.93,7.29
156,Çermik,40,TR,1619465202,34,38.1361,39.4493,62.6,12.66
157,Sarkand,26,KZ,1619465203,46,45.41,79.9186,50.29,7.43
158,Banda Aceh,85,ID,1619465203,81,5.5577,95.3222,79.79,3.87
159,São Filipe,0,CV,1619465203,75,14.8961,-24.4956,72.95,11.1
160,Praia da Vitória,75,PT,1619465030,82,38.7333,-27.0667,62.6,5.35
161,Bonavista,100,CA,1619465203,50,48.6499,-53.1147,51.8,9.22
162,Evensk,28,RU,1619465204,92,61.95,159.2333,7.63,7.63
163,Bluefields,40,NI,1619465204,74,12.0137,-83.7635,86.0,4.61
164,Pedasí,100,PA,1619464987,58,7.5333,-80.0333,85.51,10.45
165,Salinópolis,100,BR,1619465204,71,-0.6136,-47.3561,83.35,10.4
166,Lompoc,3,US,1619464990,63,34.6391,-120.4579,59.0,17.27
167,Tocopilla,16,CL,1619465204,60,-22.092,-70.1979,70.86,5.26
168,Karratha,0,AU,1619465205,46,-20.7377,116.8463,75.24,7.45
169,Bambous Virieux,75,MU,1619464986,83,-20.3428,57.7575,78.8,14.97
170,Sitka,1,US,1619465205,61,57.0531,-135.33,48.2,5.55
171,Halifax,75,CA,1619465157,71,44.6453,-63.5724,52.0,18.41
172,Hambantota,40,LK,1619465205,100,6.1241,81.1185,80.6,2.3
173,Yellowknife,40,CA,1619465205,56,62.456,-114.3525,7.0,12.66
174,Mahabalipuram,75,IN,1619465206,74,12.6264,80.1722,84.2,2.3
175,Tricase,20,IT,1619465206,88,39.9304,18.3553,60.8,5.75
176,Rawson,3,AR,1619465206,30,-43.3002,-65.1023,71.33,6.22
177,Bengkulu,50,ID,1619465206,89,-3.8004,102.2655,75.52,4.29
178,Lazarev,24,RU,1619465207,91,52.225,141.5131,26.19,11.3
179,Cooma,90,AU,1619465207,100,-36.2333,149.1333,42.8,4.61
180,Alanya,0,TR,1619465207,82,36.5438,31.9998,62.6,3.44
181,Takoradze,100,GH,1619465207,83,4.8845,-1.7554,81.77,8.81
182,Dom Pedrito,0,BR,1619465208,44,-30.9828,-54.6731,68.63,9.13
183,North Bend,90,US,1619465208,76,43.4065,-124.2243,51.8,9.22
184,Benguela,17,AO,1619465208,79,-12.5763,13.4055,79.45,3.22
185,Katherine,100,AU,1619465209,83,-14.4667,132.2667,75.2,5.75
186,Chilca,75,PE,1619465209,77,-12.5211,-76.7372,69.01,8.05
187,Berlevåg,40,NO,1619465209,75,70.8578,29.0864,33.8,11.5
188,Cidreira,37,BR,1619465209,55,-30.1811,-50.2056,69.98,13.73
189,Tiarei,40,PF,1619465209,65,-17.5333,-149.3333,84.2,9.22
190,Zyryanka,6,RU,1619465210,89,65.75,150.85,8.92,9.13
191,Prigorodnyy,0,RU,1619465210,70,51.7661,55.2665,42.8,6.71
192,Khatanga,100,RU,1619465210,94,71.9667,102.5,16.52,11.27
193,Mnogovershinnyy,89,RU,1619465211,82,53.9353,139.9242,25.66,3.78
194,Beringovskiy,100,RU,1619465211,90,63.05,179.3167,31.3,1.88
195,Chifeng,87,CN,1619465211,16,42.2683,118.9636,50.77,11.92
196,Pecos,1,US,1619465052,6,31.4229,-103.4932,93.2,17.27
197,Raymond,20,US,1619465211,47,43.9015,-70.4703,54.0,1.99
198,La Vergne,1,US,1619465212,41,36.0156,-86.5819,78.8,6.91
199,Port Pirie,0,AU,1619465212,93,-33.1833,138.0167,50.0,6.91
200,Cherskiy,81,RU,1619465212,95,68.75,161.3,8.28,6.98
201,Poum,10,NC,1619465212,71,-20.2333,164.0167,75.45,19.33
202,Manching,1,DE,1619465213,30,48.7166,11.4939,53.6,6.91
203,Segovia,20,ES,1619465213,67,41.1667,-4.0,60.8,1.14
204,Sanguéya,100,GN,1619465213,60,10.7,-14.3667,82.04,9.66
205,Moncton,75,CA,1619465136,76,46.1159,-64.8019,48.2,19.57
206,Kavieng,79,PG,1619465213,75,-2.5744,150.7967,81.59,0.49
207,Chui,37,UY,1619465214,53,-33.6971,-53.4616,66.25,11.34
208,Adelaide,0,AU,1619465162,100,-34.9333,138.6,53.01,4.09
209,Alofi,18,NU,1619465214,89,-19.0595,-169.9187,78.8,6.91
210,Dicabisagan,100,PH,1619464998,84,17.0818,122.4157,74.32,5.32
211,Shenandoah,100,US,1619465214,61,30.4013,-91.0009,82.0,1.99
212,Buchanan,20,LR,1619465215,83,5.8808,-10.0467,82.4,6.91
213,Belyy Yar,100,RU,1619465215,69,53.6039,91.3903,32.0,4.47
214,Lebu,0,CL,1619465215,71,-37.6167,-73.65,59.61,13.04
215,Hilo,90,US,1619465215,73,19.7297,-155.09,73.4,10.36
216,Ende,16,ID,1619465216,73,-8.8432,121.6623,73.9,3.74
217,Dunedin,64,NZ,1619465216,78,-45.8742,170.5036,42.01,10.0
218,Wanning,100,CN,1619465216,90,18.8003,110.3967,77.29,6.71
219,Araouane,37,ML,1619465216,11,18.9048,-3.5265,95.41,12.3
220,Māngrol,0,IN,1619465217,80,21.1167,70.1167,80.92,9.28
221,Awjilah,13,LY,1619465217,28,29.1081,21.2869,72.39,8.19
222,Teacapan,44,MX,1619465217,45,22.55,-105.75,83.95,10.8
223,Koslan,100,RU,1619465218,95,63.4564,48.8989,38.57,4.79
224,Sola,40,VU,1619465218,94,-13.8833,167.55,75.2,11.27
225,Krasnaya Gorbatka,60,RU,1619465218,65,55.8703,41.7641,37.47,4.99
226,Haines Junction,5,CA,1619465218,29,60.7522,-137.5108,48.2,3.44
227,Saint-Pierre,75,RE,1619465007,78,-21.3393,55.4781,77.0,20.71
228,Shimoda,99,JP,1619465219,73,34.6667,138.95,46.99,4.36
229,Makkah al Mukarramah,0,SA,1619464933,43,21.4267,39.8261,85.35,1.81
230,Belmonte,40,BR,1619465219,61,-15.8631,-38.8828,82.4,16.11
231,Vuktyl,22,RU,1619465219,83,63.8567,57.3094,34.93,5.08
232,Trincomalee,42,LK,1619465219,75,8.5711,81.2335,82.24,8.43
233,Altamont,90,US,1619465220,56,42.2068,-121.7372,42.8,10.36
234,Nome,1,US,1619465220,65,64.5011,-165.4064,41.0,3.44
235,Saint Paul Harbor,90,US,1619465220,76,57.79,-152.4072,44.6,5.75
236,Correntina,85,BR,1619465221,56,-13.3433,-44.6367,81.64,3.04
237,San Cristobal,40,VE,1619465221,55,7.7669,-72.225,89.6,12.66
238,Jiangyou,99,CN,1619465221,77,31.7667,104.7167,61.32,1.74
239,Saskylakh,99,RU,1619465221,100,71.9167,114.0833,-3.17,4.56
240,Tuy Hoa,99,VN,1619465222,90,13.0833,109.3,77.36,3.44
241,Grand-Lahou,87,CI,1619465222,84,5.1367,-5.0242,81.7,9.6
242,Carnarvon,0,AU,1619465222,72,-24.8667,113.6333,64.4,10.36
243,Hualmay,12,PE,1619465222,74,-11.0964,-77.6139,71.91,10.2
244,Chapais,90,CA,1619465223,75,49.7834,-74.8492,33.8,16.11
245,Necochea,23,AR,1619465223,56,-38.5473,-58.7368,70.0,1.01
246,San Patricio,75,US,1619464966,69,28.017,-97.5169,86.0,19.57
247,Borodino,100,RU,1619465223,91,55.9106,94.8983,37.2,5.03
248,Caldas Novas,16,BR,1619464974,27,-17.7417,-48.625,87.67,6.62
249,Ikom,6,NG,1619465224,74,5.9667,8.7063,82.15,2.24
250,Fjerritslev,0,DK,1619465224,42,57.0813,9.2664,46.0,4.61
251,Ho Chi Minh City,40,VN,1619465224,89,10.75,106.6667,82.4,6.91
252,Pimentel,0,PE,1619465224,60,-6.8367,-79.9342,75.2,19.57
253,Aswān,0,EG,1619465225,16,24.0934,32.907,84.18,18.45
254,Acaraú,56,BR,1619465225,75,-2.8856,-40.12,83.05,13.22
255,East London,0,ZA,1619465225,88,-33.0153,27.9116,68.0,9.22
256,San Miguel de Tucumán,40,AR,1619465225,53,-26.8241,-65.2226,73.4,4.61
257,Rome,1,US,1619465163,36,43.2128,-75.4557,46.4,18.41
258,Westport,1,US,1619465226,24,41.1415,-73.3579,59.0,17.27
259,Caravelas,84,BR,1619465226,66,-17.7125,-39.2481,81.52,9.4
260,Vardø,75,NO,1619465226,86,70.3705,31.1107,32.0,17.27
261,Port Elizabeth,0,ZA,1619464945,94,-33.918,25.5701,60.8,12.66
262,Kitimat,0,CA,1619465226,51,54.0524,-128.6534,54.0,4.0
263,Noumea,75,NC,1619465227,94,-22.2763,166.4572,75.99,6.91
264,Tabora,20,TZ,1619465227,88,-5.0167,32.8,68.0,0.85
265,Kununurra,47,AU,1619465227,78,-15.7667,128.7333,77.0,4.61
266,Vila Franca do Campo,75,PT,1619465227,72,37.7167,-25.4333,62.6,8.05
267,Igarka,32,RU,1619465228,95,67.4667,86.5833,14.83,9.22
268,Rāvar,100,IR,1619465228,32,31.2656,56.8055,74.35,9.4
269,Isangel,100,VU,1619465034,70,-19.55,169.2667,75.72,7.9
270,Rio Grande,20,BR,1619465228,53,-32.035,-52.0986,71.6,13.8
271,Birjand,75,IR,1619465229,16,32.8663,59.2211,69.8,11.5
272,East Stroudsburg,0,US,1619465229,29,40.9995,-75.1813,57.0,3.0
273,Mount Gambier,90,AU,1619464947,87,-37.8333,140.7667,53.6,5.75
274,Kakonko,46,TZ,1619465229,95,-3.2828,30.9642,61.75,2.64
275,Pizhanka,0,RU,1619465229,85,57.4604,48.542,35.17,8.59
276,Talnakh,92,RU,1619465230,85,69.4865,88.3972,10.0,9.06
277,Brenham,1,US,1619465230,57,30.1669,-96.3977,81.0,14.97
278,Panguna,59,PG,1619465230,95,-6.3164,155.4848,68.58,1.95
279,Cabo San Lucas,75,MX,1619464958,38,22.8909,-109.9124,80.01,10.36
280,Port Hardy,40,CA,1619465231,87,50.6996,-127.4199,50.0,9.22
281,Yangi Marg`ilon,0,UZ,1619465231,45,40.4272,71.7189,64.4,6.91
282,Bethel,1,US,1619465231,24,41.3712,-73.414,57.99,14.97
283,Bozhou,10,CN,1619465231,92,33.8772,115.7703,52.75,6.11
284,Krasnosel'kup,63,RU,1619465232,89,65.7,82.4667,26.28,12.17
285,Bathsheba,40,BB,1619465063,54,13.2167,-59.5167,84.2,17.27
286,Lucapa,62,AO,1619465232,88,-8.4192,20.7447,68.72,2.08
287,Samagaltay,77,RU,1619465232,53,50.6022,95.0047,29.43,2.08
288,Tucuruí,100,BR,1619465232,74,-3.7661,-49.6725,84.65,0.92
289,Kosonsoy,0,UZ,1619465233,45,41.2561,71.5508,64.4,6.91
290,Katsuura,20,JP,1619465233,58,35.1333,140.3,51.8,10.36
291,Marmaris,0,TR,1619465233,42,36.855,28.2742,68.0,9.22
292,Canary Islands,75,ES,1619465233,68,28.0,-15.5,69.8,8.05
293,Golpāyegān,77,IR,1619465234,41,33.4537,50.2884,63.79,2.77
294,Ngunguru,6,NZ,1619465234,95,-35.6167,174.5,48.99,3.0
295,Rocha,0,UY,1619465234,62,-34.4833,-54.3333,63.63,11.77
296,Manaus,75,BR,1619465234,100,-3.1019,-60.025,73.4,2.3
297,Nuuk,90,GL,1619464969,93,64.1835,-51.7216,35.6,10.36
298,Meulaboh,100,ID,1619465235,89,4.1363,96.1285,77.18,4.09
299,Kuandian,100,CN,1619465235,96,40.7286,124.7847,49.42,4.38
300,Ambon City,39,ID,1619465235,68,-3.6954,128.1814,80.83,6.96
301,Mabaruma,75,GY,1619465236,66,8.2,-59.7833,86.0,6.91
302,Launceston,6,AU,1619465236,93,-41.45,147.1667,41.0,4.61
303,Omoljica,0,RS,1619465236,37,44.7606,20.7281,54.0,9.22
304,Ilulissat,75,GL,1619465236,40,69.2167,-51.1,51.8,21.85
305,Toora-Khem,25,RU,1619465237,84,52.4675,96.11,25.92,2.04
306,Bandarbeyla,72,SO,1619465237,71,9.4942,50.8122,83.48,6.06
307,Zunyi,100,CN,1619465237,94,27.6867,106.9072,57.51,0.96
308,Mauá,100,BR,1619465237,62,-23.6678,-46.4614,68.0,7.47
309,Assiut,0,EG,1619465238,46,27.181,31.1837,73.4,12.66
310,Leh,5,IN,1619465047,32,34.1667,77.5833,34.9,3.56
311,Ca Mau,98,VN,1619465238,85,9.1769,105.15,78.93,3.33
312,Kruisfontein,100,ZA,1619465238,89,-34.0033,24.7314,62.01,1.99
313,Asău,100,RO,1619465238,55,46.4333,26.4,42.01,1.59
314,Kulhudhuffushi,13,MV,1619465239,73,6.6221,73.07,83.91,5.75
315,Provideniya,0,RU,1619465239,65,64.3833,-173.3,37.4,4.47
316,Unión de Tula,100,MX,1619465239,17,19.9667,-104.2667,89.01,6.04
317,Banikoara,78,BJ,1619465239,33,11.2985,2.4386,91.81,8.55
318,Omboué,100,GA,1619465240,87,-1.5746,9.2618,79.59,6.02
319,Vredendal,0,ZA,1619465240,84,-31.6683,18.5012,61.66,10.2
320,Kalemie,87,CD,1619465240,86,-5.9475,29.1947,71.76,4.99
321,Amritsar,20,IN,1619465240,50,31.6331,74.8656,75.2,5.7
322,Maynooth,0,IE,1619465241,44,53.385,-6.5936,59.0,10.36
323,The Valley,75,AI,1619465241,54,18.217,-63.0578,82.4,10.36
324,Ketchikan,1,US,1619465241,47,55.3422,-131.6461,55.4,10.36
325,Canandaigua,14,US,1619465241,34,42.8742,-77.288,48.99,4.0
326,Puerto Nariño,40,CO,1619465242,62,-3.7703,-70.3831,89.6,9.22
327,Constitución,0,CL,1619465242,54,-35.3333,-72.4167,66.33,13.38
328,Dingle,96,PH,1619465242,87,10.9995,122.6711,75.2,6.4
329,Mingora,68,PK,1619465242,41,34.7758,72.3625,67.95,6.71
330,Saint George,90,US,1619465142,47,37.1041,-113.5841,57.2,16.11
331,Khovd,15,MN,1619465243,28,48.0056,91.6419,34.56,1.92
332,Jinchang,7,CN,1619465243,24,38.4953,102.1739,43.7,13.33
333,Dawei,100,MM,1619465243,90,14.0833,98.2,77.25,0.92
334,Poli,20,TZ,1619465244,88,-3.3333,36.8,73.4,9.22
335,Caçu,85,BR,1619465244,26,-18.5567,-51.1308,89.11,7.14
336,Olafsvik,0,IS,1619465244,58,64.8945,-23.7142,42.22,5.37
337,Itoman,40,JP,1619465244,68,26.1247,127.6694,68.0,3.44
338,Sandnessjøen,40,NO,1619465245,70,66.0217,12.6316,37.4,8.05
339,Port Blair,99,IN,1619465245,78,11.6667,92.75,81.36,6.69
340,Barrow,1,US,1619465245,73,71.2906,-156.7887,15.8,17.27
341,Strezhevoy,75,RU,1619465245,87,60.7333,77.5889,39.2,4.47
342,Ryde,92,GB,1619465246,80,50.73,-1.1621,50.0,11.63
343,Rāmpura,0,IN,1619465246,15,30.25,75.2333,85.5,3.15
344,Zhigansk,100,RU,1619465246,91,66.7697,123.3711,13.62,17.45
345,Vidim,24,RU,1619465246,97,56.4088,103.1106,21.88,3.2
346,Korla,33,CN,1619465247,34,41.7597,86.1469,55.51,8.52
347,Oyem,99,GA,1619465247,96,1.5995,11.5793,70.39,0.65
348,Hammerfest,90,NO,1619465247,86,70.6634,23.6821,30.2,2.3
349,Tecpan,40,GT,1619465247,36,14.7623,-90.9947,82.4,13.8
350,Tigil',100,RU,1619465248,96,57.8,158.6667,26.6,3.42
351,Hasaki,20,JP,1619465248,81,35.7333,140.8333,39.2,1.14
352,Fortuna,90,US,1619465248,81,40.5982,-124.1573,55.99,10.36
353,Hofn,40,IS,1619465248,75,64.2539,-15.2082,39.2,8.05
354,Viedma,0,AR,1619465249,30,-40.8135,-62.9967,70.92,13.58
355,Omsukchan,18,RU,1619465249,97,62.5333,155.8,-1.41,3.69
356,Ritchie,100,ZA,1619465249,47,-29.038,24.6028,57.2,5.75
357,Taraz,0,KZ,1619465249,76,42.9,71.3667,51.8,8.95
358,Aracruz,0,BR,1619465250,74,-19.8203,-40.2733,82.99,12.66
359,Mandalī,99,IQ,1619465250,16,33.7499,45.5541,87.62,6.6
360,Kirpilskaya,20,RU,1619465250,93,45.377,39.6931,48.0,8.95
361,Yerbogachën,11,RU,1619465250,84,61.2767,108.0108,16.12,7.34
362,Geraldton,21,AU,1619465022,72,-28.7667,114.6,59.0,9.22
363,Faanui,96,PF,1619465251,68,-16.4833,-151.75,80.53,5.14
364,Marsh Harbour,0,BS,1619465251,68,26.5412,-77.0636,75.49,15.12
365,Los Llanos de Aridane,75,ES,1619464988,64,28.6585,-17.9182,69.8,3.44
366,San Vicente,0,AR,1619465251,34,-26.6167,-54.1333,70.59,4.81
367,Bandundu Province,93,CD,1619465252,88,-3.3167,17.3667,75.63,3.47
368,Matara,100,LK,1619465252,88,5.9485,80.5353,78.06,3.71
369,Miraflores,20,MX,1619465252,24,19.2167,-98.8083,82.4,4.61
370,Potchefstroom,100,ZA,1619465252,22,-26.7167,27.1,59.79,1.19
371,Guane,51,CU,1619465253,49,22.2025,-84.0875,89.01,4.99
372,Sambava,44,MG,1619465253,87,-14.2667,50.1667,76.51,8.37
373,Marrakesh,40,MA,1619465206,49,31.6315,-8.0083,69.8,16.11
374,Vestmanna,75,FO,1619465253,87,62.1564,-7.1664,41.0,19.57
375,Xiongyue,100,CN,1619465253,89,40.1774,122.1228,52.65,8.52
376,Jardim,0,BR,1619465254,35,-21.4803,-56.1381,82.04,6.58
377,Port Hawkesbury,90,CA,1619465254,93,45.6169,-61.3485,48.2,11.5
378,Aykhal,100,RU,1619465254,95,66.0,111.5,6.73,10.92
379,Tuatapere,96,NZ,1619465254,88,-46.1333,167.6833,39.99,1.01
380,Iqaluit,75,CA,1619465255,86,63.7506,-68.5145,32.0,21.85
381,Ürümqi,0,CN,1619465049,54,43.801,87.6005,51.8,6.71
382,Santa Vitória do Palmar,84,BR,1619465255,54,-33.5189,-53.3681,65.79,10.74
383,Florø,20,NO,1619465255,53,61.5996,5.0328,44.6,3.44
384,Anadyr,100,RU,1619465256,100,64.75,177.4833,21.2,2.24
385,Mae Ramat,99,TH,1619465256,94,16.984,98.5166,74.03,1.12
386,Ostrovnoy,100,RU,1619465256,77,68.0531,39.5131,30.15,19.08
387,Lavrentiya,100,RU,1619465256,83,65.5833,-171.0,26.51,2.33
388,Forécariah,40,GN,1619465257,61,9.4306,-13.0881,82.4,11.5
389,Luganville,94,VU,1619465257,86,-15.5333,167.1667,77.14,5.14
390,Lithgow,90,AU,1619465257,100,-33.4833,150.15,55.0,0.38
391,Bagdarin,100,RU,1619465257,73,54.4333,113.6,26.28,9.48
392,Laguna,20,US,1619465257,41,38.421,-121.4238,63.0,4.27
393,Beidao,83,CN,1619465258,61,34.5686,105.8933,50.2,3.58
394,Buala,97,SB,1619465258,82,-8.145,159.5921,80.42,4.99
395,Barabai,84,ID,1619465258,96,-2.5833,115.3833,74.3,1.43
396,Grindavik,0,IS,1619465259,66,63.8424,-22.4338,48.2,5.75
397,Abū Zabad,86,SD,1619465259,19,12.35,29.25,89.76,5.08
398,Peace River,90,CA,1619465047,60,56.2501,-117.286,33.8,16.11
399,Mariehamn,20,AX,1619465259,80,60.0973,19.9348,35.6,8.05
400,Malye Derbety,100,RU,1619465259,93,47.9547,44.6808,42.22,5.48
401,Chancay,75,PE,1619465260,77,-11.5714,-77.2672,69.01,8.05
402,Carutapera,100,BR,1619465260,73,-1.195,-46.02,83.14,7.52
403,Andenes,75,NO,1619465260,75,69.3143,16.1194,33.8,14.97
404,Okhotsk,83,RU,1619465260,85,59.3833,143.3,17.85,2.62
405,Matagami,1,CA,1619465261,41,49.7502,-77.6328,39.2,14.97
406,Esperance,100,AU,1619465031,52,-33.8667,121.9,64.4,12.66
407,Ghanzi,0,BW,1619465261,30,-21.5667,21.7833,67.98,3.83
408,Derveni,42,GR,1619465261,59,38.1333,22.4167,57.0,1.01
409,Quatre Cocos,75,MU,1619465261,83,-20.2078,57.7625,78.8,14.97
410,San Quintín,100,MX,1619465262,72,30.4833,-115.95,61.72,13.87
411,Bideford,94,GB,1619465262,75,51.0179,-4.2046,50.0,4.21
412,Soledade,16,BR,1619465262,47,-28.8183,-52.5103,64.96,4.16
413,Abu Dhabi,0,AE,1619464992,22,24.4667,54.3667,91.4,4.61
414,Yumen,100,CN,1619465262,20,40.2833,97.2,40.96,10.89
415,Hithadhoo,10,MV,1619465263,63,-0.6,73.0833,82.99,4.94
416,Dauriya,100,RU,1619465263,89,49.9333,116.8667,32.22,30.8
417,Binga,13,ZW,1619465263,60,-17.6203,27.3414,73.22,1.05
418,Vao,72,NC,1619465263,67,-22.6667,167.4833,73.62,23.04
419,Riyadh,0,SA,1619465172,19,24.6877,46.7219,89.6,2.3
420,Winnemucca,75,US,1619465264,49,40.973,-117.7357,42.8,6.91
421,Conceição das Alagoas,0,BR,1619465264,42,-19.9147,-48.3883,82.4,9.22
422,Maceió,20,BR,1619464976,65,-9.6658,-35.7353,84.2,12.66
423,Ballina,75,AU,1619465264,94,-28.8667,153.5667,57.2,6.42
424,Tilichiki,100,RU,1619465264,98,60.4667,166.1,29.98,3.53
425,Bubaque,13,GW,1619465265,69,11.2833,-15.8333,78.96,17.92
426,Laas,75,IT,1619465265,100,46.6166,10.7002,55.4,6.91
427,Le Port,75,RE,1619465265,88,-20.9373,55.2919,75.2,18.41
428,Kieta,55,PG,1619465265,83,-6.2167,155.6333,78.96,2.51
429,Roald,0,NO,1619465266,81,62.5833,6.1333,41.0,14.97
430,Gogrial,85,SS,1619465266,48,8.5332,28.1004,84.85,6.22
431,Maragogi,98,BR,1619465266,80,-9.0122,-35.2225,80.47,9.57
432,Half Moon Bay,40,US,1619465267,76,37.4636,-122.4286,60.8,8.05
433,Kargasok,100,RU,1619465267,92,59.0556,80.8572,40.23,9.19
434,Adré,0,TD,1619465267,7,13.4667,22.2,86.25,11.97
435,Guarapari,0,BR,1619465267,74,-20.6667,-40.4975,82.99,12.66
436,Avera,1,US,1619465268,38,33.194,-82.5271,78.8,6.91
437,Robinsonville,1,US,1619465268,57,31.4677,-97.1147,78.8,16.11
438,Kropotkin,100,RU,1619465268,82,45.4375,40.5756,48.0,11.65
439,Along,24,IN,1619465268,60,28.1667,94.7667,67.26,2.51
440,Kiunga,100,PG,1619465269,99,-6.1219,141.2906,73.18,2.42
441,Kupang,79,ID,1619465269,70,-10.1667,123.5833,72.97,6.51
442,Redcar,95,GB,1619465269,62,54.6166,-1.06,52.0,10.0
443,Namatanai,43,PG,1619464990,80,-3.6667,152.4333,79.21,3.58
444,Broome,1,US,1619465269,39,42.2506,-75.833,50.0,13.8
445,Mossamedes,2,AO,1619465270,73,-15.1961,12.1522,76.55,6.91
446,Moerai,100,PF,1619465270,74,-22.4333,-151.3333,77.65,10.63
447,Mineiros,96,BR,1619465270,44,-17.5694,-52.5511,82.35,2.93
448,Kultuk,100,RU,1619465271,96,51.7208,103.6956,35.06,4.92
449,Owando,74,CG,1619465271,75,-0.4819,15.8999,77.81,2.98
450,Otukpo,1,NG,1619465271,54,7.1913,8.1329,85.53,5.26
451,Lorengau,98,PG,1619465016,76,-2.0226,147.2712,80.76,1.66
452,Huarmey,13,PE,1619465271,73,-10.0681,-78.1522,73.24,12.03
453,Salalah,40,OM,1619465272,74,17.0151,54.0924,82.4,5.75
454,Tahe,100,CN,1619465272,59,52.3333,124.7333,44.38,3.69
455,Gbarnga,75,LR,1619465272,71,6.9956,-9.4722,80.98,2.98
456,Amalāpuram,2,IN,1619465272,79,16.5833,82.0167,79.14,1.95
457,Aden,74,YE,1619465250,76,12.7794,45.0367,83.14,14.65
458,Khvoynaya,100,RU,1619465273,98,58.9,34.5333,32.94,5.99
459,Zhangye,83,CN,1619465273,23,38.9342,100.4517,43.74,9.89
460,Balkanabat,27,TM,1619465273,30,39.5108,54.3671,81.66,7.47
461,Guadalupe,75,MX,1619465273,54,25.6833,-100.25,87.01,11.5
462,Sfântu Gheorghe,97,RO,1619465274,88,45.8667,25.7833,30.99,3.11
463,Bilma,23,NE,1619465274,9,18.6853,12.9164,93.87,10.11
464,Gainesville,20,US,1619465274,42,29.6516,-82.3248,86.0,5.75
465,Dābhol,5,IN,1619465274,70,17.6,73.1667,80.08,3.42
466,Graham,20,US,1619465084,82,47.0529,-122.2943,55.99,4.61
467,Hanstholm,0,DK,1619465275,54,57.1167,8.6167,41.0,4.43
468,Boguchany,89,RU,1619465275,95,58.3814,97.4531,27.93,3.44
469,Komsomol'skoye,16,RU,1619465275,61,55.2567,47.5461,40.32,6.35
470,Aksarka,100,RU,1619465275,98,66.5606,67.7975,34.45,9.06
471,Cap Malheureux,100,MU,1619465276,83,-19.9842,57.6142,77.0,5.99
472,Zeya,100,RU,1619465276,69,53.75,127.2667,47.23,8.95
473,Ulaanbaatar,0,MN,1619465258,74,47.9077,106.8832,24.8,4.47
474,Rock Sound,0,BS,1619465276,71,24.9,-76.2,79.3,7.05
475,Ponta do Sol,94,PT,1619465277,75,32.6667,-17.1,64.0,1.01
476,Puerto Ayacucho,48,VE,1619465277,46,5.6639,-67.6236,93.25,3.49
477,Coyhaique,75,CL,1619465277,62,-45.5752,-72.0662,57.2,4.61
478,Morant Bay,75,JM,1619465277,69,17.8815,-76.4093,82.99,12.66
479,Honiara,97,SB,1619465278,87,-9.4333,159.95,76.98,4.03
480,Saint-Joseph,75,RE,1619465278,78,-21.3667,55.6167,77.0,20.71
481,Acapulco de Juárez,1,MX,1619465278,62,16.8634,-99.8901,87.8,12.66
482,Aloleng,33,PH,1619465278,75,16.1307,119.7824,78.57,3.85
483,Étampes,88,FR,1619465279,51,48.4333,2.15,57.99,1.99
484,Abhā,0,SA,1619465279,88,18.2164,42.5053,59.0,2.06
485,Makakilo City,1,US,1619465279,57,21.3469,-158.0858,78.8,4.61
486,Dwārka,0,IN,1619465279,79,22.2394,68.9678,81.16,12.06
487,Nizwá,99,OM,1619465280,19,22.9333,57.5333,83.8,2.59
488,Kavaratti,0,IN,1619465280,72,10.5669,72.642,84.25,6.29
489,Mogadishu,95,SO,1619465280,75,2.0371,45.3438,83.53,10.47
490,Burnie,9,AU,1619465280,80,-41.0667,145.9167,48.99,11.01
491,Peniche,100,PT,1619465281,90,39.3558,-9.3811,60.01,1.99
492,Lüderitz,72,NA,1619465281,90,-26.6481,15.1594,61.81,7.87
493,Vostok,19,RU,1619465281,55,46.4856,135.8833,31.39,4.92
494,Warrington,60,GB,1619465281,54,53.3925,-2.5802,57.2,6.91
495,Bitung,20,ID,1619465282,94,1.4451,125.1824,75.2,1.14
496,Hobyo,23,SO,1619465282,72,5.3505,48.5268,83.97,10.63
497,Neryungri,100,RU,1619465282,98,56.6709,124.6491,31.69,2.01
498,Sur,0,OM,1619465282,39,22.5667,59.5289,87.1,10.07
499,Jamame,10,SO,1619465283,75,0.0722,42.7506,81.75,7.85
500,Graaff-Reinet,100,ZA,1619465283,25,-32.2522,24.5308,79.0,1.01
501,Nosy Varika,100,MG,1619465283,92,-20.5833,48.5333,72.36,1.99
502,Mbandaka,79,CD,1619465283,79,0.0487,18.2603,77.49,3.76
503,Vokhma,99,RU,1619465284,94,58.9303,46.7586,37.29,10.47
504,Grand-Santi,100,GF,1619465284,96,4.25,-54.3833,79.25,4.61
505,Padang,97,ID,1619465048,87,-0.9492,100.3543,77.88,4.0
506,Qaqortoq,75,GL,1619465284,81,60.7167,-46.0333,39.2,11.5
507,Paamiut,100,GL,1619465285,94,61.994,-49.6678,34.79,7.61
508,Port Macquarie,3,AU,1619465285,99,-31.4333,152.9167,54.0,1.99
509,Mandalgovi,100,MN,1619465285,79,45.7625,106.2708,29.1,11.52
510,Banes,20,CU,1619465285,40,20.9625,-75.7186,89.6,13.8
511,Ossora,100,RU,1619465286,94,59.2353,163.0719,29.88,3.38
512,Dogondoutchi,14,NE,1619465286,18,13.6393,4.0287,96.39,8.32
513,Porto-Novo,20,BJ,1619465286,74,6.4965,2.6036,86.0,13.8
514,Tuxpan,90,MX,1619465286,42,19.55,-103.4,86.0,9.22
515,Tondano,20,ID,1619465287,94,1.3038,124.9112,75.2,1.14
516,Dārāb,79,IR,1619465287,36,28.7519,54.5444,70.99,1.86
517,Treinta y Tres,0,UY,1619465287,57,-33.2333,-54.3833,67.19,9.28
518,Revelstoke,1,CA,1619465287,38,50.9832,-118.2023,59.0,9.22
519,Bozeman,75,US,1619465288,49,45.6796,-111.0386,48.99,5.75
520,Zelenoborskiy,63,RU,1619465288,91,66.845,32.3622,26.17,3.0
521,Savalou,2,BJ,1619465288,58,7.9281,1.9756,86.77,11.32
522,Inuvik,6,CA,1619465288,57,68.3499,-133.7218,15.8,10.36
523,Sānchi,0,IN,1619465289,27,23.4833,77.7333,78.8,4.61
524,Mahébourg,75,MU,1619465289,83,-20.4081,57.7,78.8,14.97
525,Biak,97,ID,1619465289,84,-0.9131,122.8766,75.65,5.32
526,Celestún,6,MX,1619465290,53,20.8667,-90.4,88.2,8.59
527,Barra do Garças,75,BR,1619465290,45,-15.89,-52.2567,87.8,2.3
528,Fujin,100,CN,1619465290,58,47.26,132.0322,43.39,11.16
529,Sibolga,90,ID,1619465290,87,1.7427,98.7792,77.99,3.13
530,Zhezkazgan,100,KZ,1619465291,40,47.8043,67.7144,59.32,9.04
531,San Rafael,0,AR,1619465291,41,-34.6177,-68.3301,72.46,9.82
532,Severobaykal'sk,94,RU,1619465291,85,55.65,109.3167,27.21,7.67
533,Gravdal,40,NO,1619465291,75,68.1214,13.5031,35.6,4.61
534,Norman Wells,75,CA,1619465055,41,65.282,-126.8329,15.8,5.75
535,Palmer,20,US,1619465292,26,42.1584,-72.3287,54.0,19.57
536,Henties Bay,3,NA,1619465292,87,-22.116,14.2845,64.0,5.99
537,Sabang,67,ID,1619465292,74,5.8933,95.3214,82.89,8.01
538,Arman',17,RU,1619465292,90,59.7,150.1667,12.15,5.48
539,Lamu,62,KE,1619465293,80,-2.2717,40.902,81.45,12.06
540,Båtsfjord,75,NO,1619465293,80,70.6345,29.7185,33.8,9.22
541,Rast,0,RO,1619465293,47,43.8833,23.2833,61.0,5.75
542,Tommot,100,RU,1619465293,99,58.9564,126.2925,32.85,1.12
543,West Richland,1,US,1619465294,34,46.3043,-119.3614,64.4,5.75
544,Shīeli,6,KZ,1619465294,23,44.1667,66.75,65.71,6.69
545,Klaksvík,75,FO,1619465294,87,62.2266,-6.589,41.0,19.57
546,Xining,54,CN,1619465294,49,36.6167,101.7667,39.7,3.47
547,Jennings,75,US,1619465295,36,38.7192,-90.2604,80.01,21.85
548,Yola,22,NG,1619465295,29,9.2,12.4833,95.31,3.62
549,Mataura,100,NZ,1619465169,88,-46.1927,168.8643,39.99,1.01
550,Castaños,100,MX,1619465169,14,26.7833,-101.4167,95.72,7.09
551,Mar del Plata,0,AR,1619465029,67,-38.0023,-57.5575,62.6,10.36
552,Cape Town,75,ZA,1619465160,72,-33.9258,18.4232,64.99,16.11
553,Pundaguitan,100,PH,1619465169,75,6.3711,126.1689,80.8,5.84
554,Puerto Ayora,40,EC,1619464973,65,-0.7393,-90.3518,84.2,16.11
555,Guarda,33,PT,1619465170,75,40.5373,-7.2658,60.01,3.0
556,Ribeira Grande,75,PT,1619465170,72,38.5167,-28.7,62.6,8.05
557,Bluff,61,NZ,1619465170,88,-46.6,168.3333,39.99,1.01
558,Port Lincoln,94,AU,1619465170,79,-34.7333,135.8667,60.28,5.26
559,Severo-Kuril'sk,100,RU,1619465171,94,50.6789,156.125,30.29,22.64
560,Busselton,100,AU,1619465171,91,-33.65,115.3333,57.0,1.19
561,Tura,100,IN,1619465171,26,25.5198,90.2201,79.47,3.2
562,Ambunti,87,PG,1619465171,99,-4.2365,142.8448,72.46,0.13
563,Port Alfred,100,ZA,1619464965,83,-33.5906,26.891,68.61,12.1
564,Albany,1,US,1619464807,29,42.6001,-73.9662,55.0,7.0
565,Pangai,75,TO,1619465172,83,-19.8,-174.35,80.6,5.75
566,Kasama,100,ZM,1619465172,81,-10.2129,31.1808,65.71,4.61
567,Scarborough,93,GB,1619465117,75,54.2797,-0.4044,45.0,4.0
568,Kapaa,40,US,1619464960,73,22.0752,-159.319,77.0,12.66
569,Homer,1,US,1619465172,35,59.6425,-151.5483,55.4,5.75
570,Punta Arenas,90,CL,1619464949,100,-53.15,-70.9167,44.6,9.22
571,Bud,1,US,1619465173,37,39.447,-86.1758,73.99,13.8
572,Clyde River,90,CA,1619464997,100,70.4692,-68.5914,24.8,5.19
573,Saldanha,47,ZA,1619465173,94,-33.0117,17.9442,60.8,21.85
574,Ryōtsu-minato,1,JP,1619465173,58,38.0833,138.4333,42.42,5.19
575,Tessalit,18,ML,1619465174,6,20.1986,1.0114,96.4,8.41
576,General Roca,0,AR,1619465076,53,-39.0333,-67.5833,71.6,4.61
577,Richards Bay,29,ZA,1619465174,89,-28.783,32.0377,67.19,4.41
578,Airai,100,TL,1619465174,76,-8.9266,125.4092,55.76,1.03
579,Pangkalanbuun,34,ID,1619465174,96,-2.6833,111.6167,74.61,1.61
580,Avarua,40,CK,1619465175,89,-21.2078,-159.775,78.8,3.44
581,La Providencia,1,MX,1619465175,54,28.7167,-111.5833,84.0,11.99
582,Dikson,100,RU,1619465175,98,73.5069,80.5464,31.77,19.26
583,Arraial do Cabo,40,BR,1619465176,78,-22.9661,-42.0278,78.8,10.36
584,Pevek,95,RU,1619465176,94,69.7008,170.3133,15.13,2.77
585,Souillac,75,MU,1619465176,83,-20.5167,57.5167,78.8,14.97
586,Tuktoyaktuk,1,CA,1619464955,72,69.4541,-133.0374,8.6,18.41
587,College,75,US,1619465176,40,64.8569,-147.8028,50.0,2.17
588,Rikitea,43,PF,1619465177,76,-23.1203,-134.9692,76.96,8.01
589,Comodoro Rivadavia,0,AR,1619464942,40,-45.8667,-67.5,68.0,12.66
590,Thompson,75,CA,1619465177,49,55.7435,-97.8558,46.4,9.22
591,Rauma,90,FI,1619465177,70,61.1272,21.5113,39.2,10.36
592,Coquimbo,75,CL,1619465177,77,-29.9533,-71.3436,60.8,9.22
593,Scharnstein,26,AT,1619465178,43,47.9044,13.9601,51.8,10.36
594,Goderich,100,CA,1619464961,65,43.7501,-81.7165,37.4,6.91
595,Ishinomaki,5,JP,1619465178,67,38.4167,141.3,38.79,7.9
596,Tasiilaq,75,GL,1619465178,75,65.6145,-37.6368,39.2,9.93
597,Newport,100,GB,1619465179,50,51.5877,-2.9984,53.6,8.05
598,Butaritari,85,KI,1619465179,74,3.0707,172.7902,83.19,13.76
599,Hobart,1,AU,1619465161,87,-42.8794,147.3294,48.0,5.93
600,Atuona,44,PF,1619465179,74,-9.8,-139.0333,79.74,14.05
601,Murdochville,100,CA,1619465179,100,48.9583,-65.5006,39.2,24.16
602,Leningradskiy,70,RU,1619465180,95,69.3833,178.4167,23.88,4.56
603,Vila Velha,0,BR,1619465054,74,-20.3297,-40.2925,82.99,12.66
604,Morondava,27,MG,1619465180,78,-20.2833,44.2833,79.81,11.77
605,Rørvik,40,NO,1619465180,81,64.8621,11.2373,37.4,6.91
606,Castro,10,BR,1619465181,55,-24.7911,-50.0119,70.77,6.93
607,St. George's,20,GD,1619465181,70,12.0564,-61.7485,84.2,23.02
608,Aberdeen,40,GB,1619465181,93,57.1437,-2.0981,46.4,3.44
609,Doha,0,QA,1619464996,58,25.2867,51.5333,84.99,5.75
610,Talaya,34,RU,1619465181,96,61.3833,152.75,-7.13,3.2
611,Touros,40,BR,1619465182,70,-5.1989,-35.4608,84.2,12.66
612,Nauta,56,PE,1619465182,56,-4.5061,-73.5757,88.43,4.05
613,Totness,95,SR,1619465116,79,5.8833,-56.3167,80.64,12.41
614,Kaitangata,72,NZ,1619465182,84,-46.2817,169.8464,39.99,4.0
615,Mishan,98,CN,1619465182,84,45.55,131.8833,39.47,4.74
616,Mayya,20,RU,1619465183,86,61.7333,130.2811,33.8,4.47
617,Mitsamiouli,27,KM,1619465183,72,-11.3847,43.2844,81.43,8.63
618,Bushehr,94,IR,1619465183,50,28.9684,50.8385,80.6,5.46
619,Jurm,82,AF,1619465183,49,36.8648,70.8342,58.33,5.21
620,Ushuaia,90,AR,1619465031,81,-54.8,-68.3,44.6,4.88
621,Hīt,91,IQ,1619465184,25,33.6416,42.8251,85.87,3.49
622,Cayenne,75,GF,1619465184,94,4.9333,-52.3333,77.0,4.61
623,Narsaq,75,GL,1619465184,81,60.9167,-46.05,39.2,11.5
624,Alto Araguaia,93,BR,1619465185,43,-17.3147,-53.2153,83.86,4.99
625,Bonthe,89,SL,1619465185,71,7.5264,-12.505,82.18,10.38
626,Sobolevo,11,RU,1619465185,75,54.4299,31.8996,32.05,5.53
627,São Gabriel da Cachoeira,20,BR,1619465185,58,-0.1303,-67.0892,91.4,6.91
628,Bay Roberts,100,CA,1619465186,51,47.5999,-53.2648,48.0,8.99
629,Vaini,75,TO,1619465186,94,-21.2,-175.2,75.2,14.97
630,Hastings,74,GB,1619465186,70,50.8552,0.5729,46.0,11.5
631,Sattenapalle,0,IN,1619465186,71,16.4,80.1833,81.64,10.18
632,Khandyga,100,RU,1619465187,98,62.6667,135.6,31.35,6.22
633,Jamestown,1,US,1619464928,29,42.097,-79.2353,52.0,10.36
634,Bredasdorp,0,ZA,1619465187,94,-34.5322,20.0403,53.6,6.91
635,Karaman Province,80,TR,1619465187,70,37.0833,33.25,50.47,14.2
636,Alta Floresta,20,BR,1619465187,66,-9.8756,-56.0861,86.0,4.61
637,Sørland,20,NO,1619465188,81,67.667,12.6934,37.4,13.8
638,Borogontsy,100,RU,1619465188,99,62.6683,131.1683,31.15,4.03
639,Nikolskoye,75,RU,1619465188,75,59.7035,30.7861,42.8,4.47
640,Lauchhammer,91,DE,1619465188,52,51.5,13.8,42.01,6.96
641,Tazovsky,100,RU,1619465189,97,67.4667,78.7,32.79,12.73
642,Te Anau,55,NZ,1619465189,92,-45.4167,167.7167,34.77,1.25
643,Guía de Isora,40,ES,1619465189,68,28.2115,-16.7795,70.0,6.91
644,Tshela,100,CD,1619465189,97,-4.9833,12.9333,74.95,0.67
645,Garoowe,100,SO,1619465190,58,8.4054,48.4845,81.34,2.71
646,Värnamo,18,SE,1619465190,52,57.186,14.04,39.99,5.75
647,Taitung City,79,TW,1619465190,80,22.7583,121.1444,70.68,3.13
648,Qaanaaq,70,GL,1619465190,72,77.484,-69.3632,37.87,6.98
649,Deputatsky,100,RU,1619465008,95,69.3,139.9,21.24,1.48
650,Linguère,0,SN,1619465191,18,15.3953,-15.1193,104.0,4.61
651,Nador,0,MA,1619465191,77,35.174,-2.9287,64.4,8.05
652,Bantou,100,CN,1619465191,92,26.2151,117.4893,67.53,1.36
653,Marathon,20,US,1619465192,57,44.9,-89.7668,48.2,13.8
654,Alice Springs,0,AU,1619465192,65,-23.7,133.8833,44.6,4.61
655,Flinders,1,AU,1619465192,89,-34.5833,150.8552,54.0,1.01
656,Vermillion,75,US,1619465192,53,42.7794,-96.9292,78.01,3.44
657,Río Gallegos,75,AR,1619464958,28,-51.6226,-69.2181,69.8,25.32
658,George Town,20,MY,1619465064,89,5.4112,100.3354,80.6,4.61
659,Chililabombwe,76,ZM,1619465193,91,-12.3648,27.8229,63.18,2.53
660,Petropavlovsk-Kamchatskiy,90,RU,1619465036,100,53.0452,158.6483,32.0,2.24
661,Inta,100,RU,1619465193,96,66.0317,60.1659,36.93,13.13
662,Ojinaga,1,MX,1619465193,8,29.5667,-104.4167,87.8,12.59
663,Inhambane,0,MZ,1619465193,84,-23.865,35.3833,72.59,5.14
664,Tiksi,100,RU,1619465059,95,71.6872,128.8694,16.2,8.14
665,Codrington,31,AU,1619465194,82,-38.2667,141.9667,53.83,4.61
666,Dhidhdhoo,26,MV,1619465194,71,6.8833,73.1,84.51,5.79
667,Chokurdakh,100,RU,1619465194,95,70.6333,147.9167,19.76,4.56
668,Darnah,3,LY,1619465195,82,32.767,22.6367,60.69,10.45
669,Saint-Philippe,75,RE,1619465195,78,-21.3585,55.7679,77.0,20.71
670,New Ulm,90,US,1619465195,62,44.3125,-94.4605,60.01,6.91
671,Lagoa,97,PT,1619464945,74,39.05,-27.9833,61.21,7.43
672,Conde,20,BR,1619465195,83,-7.2597,-34.9075,80.6,10.36
673,Fairbanks,1,US,1619465071,40,64.8378,-147.7164,50.0,2.06
674,Ust'-Koksa,100,RU,1619465196,71,50.2696,85.6108,33.82,2.33
675,High Level,75,CA,1619465196,58,58.5169,-117.136,21.2,18.41
676,Boa Vista,75,BR,1619464947,88,2.8197,-60.6733,77.0,6.91
677,Harrismith,22,ZA,1619465196,29,-28.2728,29.1295,51.98,3.2
678,Areosa,20,PT,1619465196,82,41.7178,-8.8571,61.0,8.05
679,Saint-Augustin,100,CA,1619465197,81,51.226,-58.6502,43.72,24.79
680,Faya,0,SA,1619465197,88,18.3851,42.4509,59.0,1.88
681,Ibatiba,88,BR,1619465197,73,-20.2339,-41.5106,75.33,2.44
682,Departamento de Maldonado,40,UY,1619465197,59,-34.6667,-54.9167,66.2,12.66
683,New Norfolk,7,AU,1619464997,81,-42.7826,147.0587,48.0,3.13
684,Hermanus,46,ZA,1619465198,88,-34.4187,19.2345,57.0,1.01
685,Daru,100,PG,1619465198,90,-9.0763,143.2092,76.35,6.15
686,Pisco,75,PE,1619465087,88,-13.7,-76.2167,70.0,9.22
687,Upernavik,43,GL,1619465198,89,72.7868,-56.1549,36.16,6.6
688,Lima,75,PE,1619464983,77,-12.0432,-77.0282,68.0,8.05
689,Vrangel',97,RU,1619465199,75,42.7297,133.0839,41.43,3.51
690,Inírida,97,CO,1619465199,70,3.8653,-67.9239,85.6,1.83
691,Betafo,100,MG,1619465199,95,-19.8333,46.85,60.35,5.32
692,Panórama,20,GR,1619465166,72,40.5878,23.0315,59.0,10.36
693,Kabanjahe,40,ID,1619465200,100,3.1001,98.4908,77.0,3.44
694,Huinan,100,CN,1619465200,69,42.6225,126.2614,51.8,13.51
695,Longyearbyen,20,SJ,1619464954,63,78.2186,15.6401,23.0,11.5
696,Portland,75,US,1619465332,71,45.5234,-122.6762,57.0,4.61
697,La Roche-sur-Yon,0,FR,1619465200,51,46.6667,-1.4333,59.0,10.36
698,Ocampo,99,MX,1619465201,50,21.65,-101.5,87.01,9.42
699,Nanortalik,100,GL,1619465201,98,60.1432,-45.2371,35.1,3.15
700,La Ronge,100,CA,1619465201,20,55.1001,-105.2842,53.6,10.36
701,Manavālakurichi,20,IN,1619465201,84,8.1333,77.3,84.2,3.44
702,Torbay,90,CA,1619465202,60,47.6666,-52.7314,43.0,18.41
703,Hong Kong,100,HK,1619464997,92,22.2855,114.1577,73.0,1.99
704,Adrar,41,MR,1619465202,14,20.5022,-10.0711,92.93,7.29
705,Çermik,40,TR,1619465202,34,38.1361,39.4493,62.6,12.66
706,Sarkand,26,KZ,1619465203,46,45.41,79.9186,50.29,7.43
707,Banda Aceh,85,ID,1619465203,81,5.5577,95.3222,79.79,3.87
708,São Filipe,0,CV,1619465203,75,14.8961,-24.4956,72.95,11.1
709,Praia da Vitória,75,PT,1619465030,82,38.7333,-27.0667,62.6,5.35
710,Bonavista,100,CA,1619465203,50,48.6499,-53.1147,51.8,9.22
711,Evensk,28,RU,1619465204,92,61.95,159.2333,7.63,7.63
712,Bluefields,40,NI,1619465204,74,12.0137,-83.7635,86.0,4.61
713,Pedasí,100,PA,1619464987,58,7.5333,-80.0333,85.51,10.45
714,Salinópolis,100,BR,1619465204,71,-0.6136,-47.3561,83.35,10.4
715,Lompoc,3,US,1619464990,63,34.6391,-120.4579,59.0,17.27
716,Tocopilla,16,CL,1619465204,60,-22.092,-70.1979,70.86,5.26
717,Karratha,0,AU,1619465205,46,-20.7377,116.8463,75.24,7.45
718,Bambous Virieux,75,MU,1619464986,83,-20.3428,57.7575,78.8,14.97
719,Sitka,1,US,1619465205,61,57.0531,-135.33,48.2,5.55
720,Halifax,75,CA,1619465157,71,44.6453,-63.5724,52.0,18.41
721,Hambantota,40,LK,1619465205,100,6.1241,81.1185,80.6,2.3
722,Yellowknife,40,CA,1619465205,56,62.456,-114.3525,7.0,12.66
723,Mahabalipuram,75,IN,1619465206,74,12.6264,80.1722,84.2,2.3
724,Tricase,20,IT,1619465206,88,39.9304,18.3553,60.8,5.75
725,Rawson,3,AR,1619465206,30,-43.3002,-65.1023,71.33,6.22
726,Bengkulu,50,ID,1619465206,89,-3.8004,102.2655,75.52,4.29
727,Lazarev,24,RU,1619465207,91,52.225,141.5131,26.19,11.3
728,Cooma,90,AU,1619465207,100,-36.2333,149.1333,42.8,4.61
729,Alanya,0,TR,1619465207,82,36.5438,31.9998,62.6,3.44
730,Takoradze,100,GH,1619465207,83,4.8845,-1.7554,81.77,8.81
731,Dom Pedrito,0,BR,1619465208,44,-30.9828,-54.6731,68.63,9.13
732,North Bend,90,US,1619465208,76,43.4065,-124.2243,51.8,9.22
733,Benguela,17,AO,1619465208,79,-12.5763,13.4055,79.45,3.22
734,Katherine,100,AU,1619465209,83,-14.4667,132.2667,75.2,5.75
735,Chilca,75,PE,1619465209,77,-12.5211,-76.7372,69.01,8.05
736,Berlevåg,40,NO,1619465209,75,70.8578,29.0864,33.8,11.5
737,Cidreira,37,BR,1619465209,55,-30.1811,-50.2056,69.98,13.73
738,Tiarei,40,PF,1619465209,65,-17.5333,-149.3333,84.2,9.22
739,Zyryanka,6,RU,1619465210,89,65.75,150.85,8.92,9.13
740,Prigorodnyy,0,RU,1619465210,70,51.7661,55.2665,42.8,6.71
741,Khatanga,100,RU,1619465210,94,71.9667,102.5,16.52,11.27
742,Mnogovershinnyy,89,RU,1619465211,82,53.9353,139.9242,25.66,3.78
743,Beringovskiy,100,RU,1619465211,90,63.05,179.3167,31.3,1.88
744,Chifeng,87,CN,1619465211,16,42.2683,118.9636,50.77,11.92
745,Pecos,1,US,1619465052,6,31.4229,-103.4932,93.2,17.27
746,Raymond,20,US,1619465211,47,43.9015,-70.4703,54.0,1.99
747,La Vergne,1,US,1619465212,41,36.0156,-86.5819,78.8,6.91
748,Port Pirie,0,AU,1619465212,93,-33.1833,138.0167,50.0,6.91
749,Cherskiy,81,RU,1619465212,95,68.75,161.3,8.28,6.98
750,Poum,10,NC,1619465212,71,-20.2333,164.0167,75.45,19.33
751,Manching,1,DE,1619465213,30,48.7166,11.4939,53.6,6.91
752,Segovia,20,ES,1619465213,67,41.1667,-4.0,60.8,1.14
753,Sanguéya,100,GN,1619465213,60,10.7,-14.3667,82.04,9.66
754,Moncton,75,CA,1619465136,76,46.1159,-64.8019,48.2,19.57
755,Kavieng,79,PG,1619465213,75,-2.5744,150.7967,81.59,0.49
756,Chui,37,UY,1619465214,53,-33.6971,-53.4616,66.25,11.34
757,Adelaide,0,AU,1619465162,100,-34.9333,138.6,53.01,4.09
758,Alofi,18,NU,1619465214,89,-19.0595,-169.9187,78.8,6.91
759,Dicabisagan,100,PH,1619464998,84,17.0818,122.4157,74.32,5.32
760,Shenandoah,100,US,1619465214,61,30.4013,-91.0009,82.0,1.99
761,Buchanan,20,LR,1619465215,83,5.8808,-10.0467,82.4,6.91
762,Belyy Yar,100,RU,1619465215,69,53.6039,91.3903,32.0,4.47
763,Lebu,0,CL,1619465215,71,-37.6167,-73.65,59.61,13.04
764,Hilo,90,US,1619465215,73,19.7297,-155.09,73.4,10.36
765,Ende,16,ID,1619465216,73,-8.8432,121.6623,73.9,3.74
766,Dunedin,64,NZ,1619465216,78,-45.8742,170.5036,42.01,10.0
767,Wanning,100,CN,1619465216,90,18.8003,110.3967,77.29,6.71
768,Araouane,37,ML,1619465216,11,18.9048,-3.5265,95.41,12.3
769,Māngrol,0,IN,1619465217,80,21.1167,70.1167,80.92,9.28
770,Awjilah,13,LY,1619465217,28,29.1081,21.2869,72.39,8.19
771,Teacapan,44,MX,1619465217,45,22.55,-105.75,83.95,10.8
772,Koslan,100,RU,1619465218,95,63.4564,48.8989,38.57,4.79
773,Sola,40,VU,1619465218,94,-13.8833,167.55,75.2,11.27
774,Krasnaya Gorbatka,60,RU,1619465218,65,55.8703,41.7641,37.47,4.99
775,Haines Junction,5,CA,1619465218,29,60.7522,-137.5108,48.2,3.44
776,Saint-Pierre,75,RE,1619465007,78,-21.3393,55.4781,77.0,20.71
777,Shimoda,99,JP,1619465219,73,34.6667,138.95,46.99,4.36
778,Makkah al Mukarramah,0,SA,1619464933,43,21.4267,39.8261,85.35,1.81
779,Belmonte,40,BR,1619465219,61,-15.8631,-38.8828,82.4,16.11
780,Vuktyl,22,RU,1619465219,83,63.8567,57.3094,34.93,5.08
781,Trincomalee,42,LK,1619465219,75,8.5711,81.2335,82.24,8.43
782,Altamont,90,US,1619465220,56,42.2068,-121.7372,42.8,10.36
783,Nome,1,US,1619465220,65,64.5011,-165.4064,41.0,3.44
784,Saint Paul Harbor,90,US,1619465220,76,57.79,-152.4072,44.6,5.75
785,Correntina,85,BR,1619465221,56,-13.3433,-44.6367,81.64,3.04
786,San Cristobal,40,VE,1619465221,55,7.7669,-72.225,89.6,12.66
787,Jiangyou,99,CN,1619465221,77,31.7667,104.7167,61.32,1.74
788,Saskylakh,99,RU,1619465221,100,71.9167,114.0833,-3.17,4.56
789,Tuy Hoa,99,VN,1619465222,90,13.0833,109.3,77.36,3.44
790,Grand-Lahou,87,CI,1619465222,84,5.1367,-5.0242,81.7,9.6
791,Carnarvon,0,AU,1619465222,72,-24.8667,113.6333,64.4,10.36
792,Hualmay,12,PE,1619465222,74,-11.0964,-77.6139,71.91,10.2
793,Chapais,90,CA,1619465223,75,49.7834,-74.8492,33.8,16.11
794,Necochea,23,AR,1619465223,56,-38.5473,-58.7368,70.0,1.01
795,San Patricio,75,US,1619464966,69,28.017,-97.5169,86.0,19.57
796,Borodino,100,RU,1619465223,91,55.9106,94.8983,37.2,5.03
797,Caldas Novas,16,BR,1619464974,27,-17.7417,-48.625,87.67,6.62
798,Ikom,6,NG,1619465224,74,5.9667,8.7063,82.15,2.24
799,Fjerritslev,0,DK,1619465224,42,57.0813,9.2664,46.0,4.61
800,Ho Chi Minh City,40,VN,1619465224,89,10.75,106.6667,82.4,6.91
801,Pimentel,0,PE,1619465224,60,-6.8367,-79.9342,75.2,19.57
802,Aswān,0,EG,1619465225,16,24.0934,32.907,84.18,18.45
803,Acaraú,56,BR,1619465225,75,-2.8856,-40.12,83.05,13.22
804,East London,0,ZA,1619465225,88,-33.0153,27.9116,68.0,9.22
805,San Miguel de Tucumán,40,AR,1619465225,53,-26.8241,-65.2226,73.4,4.61
806,Rome,1,US,1619465163,36,43.2128,-75.4557,46.4,18.41
807,Westport,1,US,1619465226,24,41.1415,-73.3579,59.0,17.27
808,Caravelas,84,BR,1619465226,66,-17.7125,-39.2481,81.52,9.4
809,Vardø,75,NO,1619465226,86,70.3705,31.1107,32.0,17.27
810,Port Elizabeth,0,ZA,1619464945,94,-33.918,25.5701,60.8,12.66
811,Kitimat,0,CA,1619465226,51,54.0524,-128.6534,54.0,4.0
812,Noumea,75,NC,1619465227,94,-22.2763,166.4572,75.99,6.91
813,Tabora,20,TZ,1619465227,88,-5.0167,32.8,68.0,0.85
814,Kununurra,47,AU,1619465227,78,-15.7667,128.7333,77.0,4.61
815,Vila Franca do Campo,75,PT,1619465227,72,37.7167,-25.4333,62.6,8.05
816,Igarka,32,RU,1619465228,95,67.4667,86.5833,14.83,9.22
817,Rāvar,100,IR,1619465228,32,31.2656,56.8055,74.35,9.4
818,Isangel,100,VU,1619465034,70,-19.55,169.2667,75.72,7.9
819,Rio Grande,20,BR,1619465228,53,-32.035,-52.0986,71.6,13.8
820,Birjand,75,IR,1619465229,16,32.8663,59.2211,69.8,11.5
821,East Stroudsburg,0,US,1619465229,29,40.9995,-75.1813,57.0,3.0
822,Mount Gambier,90,AU,1619464947,87,-37.8333,140.7667,53.6,5.75
823,Kakonko,46,TZ,1619465229,95,-3.2828,30.9642,61.75,2.64
824,Pizhanka,0,RU,1619465229,85,57.4604,48.542,35.17,8.59
825,Talnakh,92,RU,1619465230,85,69.4865,88.3972,10.0,9.06
826,Brenham,1,US,1619465230,57,30.1669,-96.3977,81.0,14.97
827,Panguna,59,PG,1619465230,95,-6.3164,155.4848,68.58,1.95
828,Cabo San Lucas,75,MX,1619464958,38,22.8909,-109.9124,80.01,10.36
829,Port Hardy,40,CA,1619465231,87,50.6996,-127.4199,50.0,9.22
830,Yangi Marg`ilon,0,UZ,1619465231,45,40.4272,71.7189,64.4,6.91
831,Bethel,1,US,1619465231,24,41.3712,-73.414,57.99,14.97
832,Bozhou,10,CN,1619465231,92,33.8772,115.7703,52.75,6.11
833,Krasnosel'kup,63,RU,1619465232,89,65.7,82.4667,26.28,12.17
834,Bathsheba,40,BB,1619465063,54,13.2167,-59.5167,84.2,17.27
835,Lucapa,62,AO,1619465232,88,-8.4192,20.7447,68.72,2.08
836,Samagaltay,77,RU,1619465232,53,50.6022,95.0047,29.43,2.08
837,Tucuruí,100,BR,1619465232,74,-3.7661,-49.6725,84.65,0.92
838,Kosonsoy,0,UZ,1619465233,45,41.2561,71.5508,64.4,6.91
839,Katsuura,20,JP,1619465233,58,35.1333,140.3,51.8,10.36
840,Marmaris,0,TR,1619465233,42,36.855,28.2742,68.0,9.22
841,Canary Islands,75,ES,1619465233,68,28.0,-15.5,69.8,8.05
842,Golpāyegān,77,IR,1619465234,41,33.4537,50.2884,63.79,2.77
843,Ngunguru,6,NZ,1619465234,95,-35.6167,174.5,48.99,3.0
844,Rocha,0,UY,1619465234,62,-34.4833,-54.3333,63.63,11.77
845,Manaus,75,BR,1619465234,100,-3.1019,-60.025,73.4,2.3
846,Nuuk,90,GL,1619464969,93,64.1835,-51.7216,35.6,10.36
847,Meulaboh,100,ID,1619465235,89,4.1363,96.1285,77.18,4.09
848,Kuandian,100,CN,1619465235,96,40.7286,124.7847,49.42,4.38
849,Ambon City,39,ID,1619465235,68,-3.6954,128.1814,80.83,6.96
850,Mabaruma,75,GY,1619465236,66,8.2,-59.7833,86.0,6.91
851,Launceston,6,AU,1619465236,93,-41.45,147.1667,41.0,4.61
852,Omoljica,0,RS,1619465236,37,44.7606,20.7281,54.0,9.22
853,Ilulissat,75,GL,1619465236,40,69.2167,-51.1,51.8,21.85
854,Toora-Khem,25,RU,1619465237,84,52.4675,96.11,25.92,2.04
855,Bandarbeyla,72,SO,1619465237,71,9.4942,50.8122,83.48,6.06
856,Zunyi,100,CN,1619465237,94,27.6867,106.9072,57.51,0.96
857,Mauá,100,BR,1619465237,62,-23.6678,-46.4614,68.0,7.47
858,Assiut,0,EG,1619465238,46,27.181,31.1837,73.4,12.66
859,Leh,5,IN,1619465047,32,34.1667,77.5833,34.9,3.56
860,Ca Mau,98,VN,1619465238,85,9.1769,105.15,78.93,3.33
861,Kruisfontein,100,ZA,1619465238,89,-34.0033,24.7314,62.01,1.99
862,Asău,100,RO,1619465238,55,46.4333,26.4,42.01,1.59
863,Kulhudhuffushi,13,MV,1619465239,73,6.6221,73.07,83.91,5.75
864,Provideniya,0,RU,1619465239,65,64.3833,-173.3,37.4,4.47
865,Unión de Tula,100,MX,1619465239,17,19.9667,-104.2667,89.01,6.04
866,Banikoara,78,BJ,1619465239,33,11.2985,2.4386,91.81,8.55
867,Omboué,100,GA,1619465240,87,-1.5746,9.2618,79.59,6.02
868,Vredendal,0,ZA,1619465240,84,-31.6683,18.5012,61.66,10.2
869,Kalemie,87,CD,1619465240,86,-5.9475,29.1947,71.76,4.99
870,Amritsar,20,IN,1619465240,50,31.6331,74.8656,75.2,5.7
871,Maynooth,0,IE,1619465241,44,53.385,-6.5936,59.0,10.36
872,The Valley,75,AI,1619465241,54,18.217,-63.0578,82.4,10.36
873,Ketchikan,1,US,1619465241,47,55.3422,-131.6461,55.4,10.36
874,Canandaigua,14,US,1619465241,34,42.8742,-77.288,48.99,4.0
875,Puerto Nariño,40,CO,1619465242,62,-3.7703,-70.3831,89.6,9.22
876,Constitución,0,CL,1619465242,54,-35.3333,-72.4167,66.33,13.38
877,Dingle,96,PH,1619465242,87,10.9995,122.6711,75.2,6.4
878,Mingora,68,PK,1619465242,41,34.7758,72.3625,67.95,6.71
879,Saint George,90,US,1619465142,47,37.1041,-113.5841,57.2,16.11
880,Khovd,15,MN,1619465243,28,48.0056,91.6419,34.56,1.92
881,Jinchang,7,CN,1619465243,24,38.4953,102.1739,43.7,13.33
882,Dawei,100,MM,1619465243,90,14.0833,98.2,77.25,0.92
883,Poli,20,TZ,1619465244,88,-3.3333,36.8,73.4,9.22
884,Caçu,85,BR,1619465244,26,-18.5567,-51.1308,89.11,7.14
885,Olafsvik,0,IS,1619465244,58,64.8945,-23.7142,42.22,5.37
886,Itoman,40,JP,1619465244,68,26.1247,127.6694,68.0,3.44
887,Sandnessjøen,40,NO,1619465245,70,66.0217,12.6316,37.4,8.05
888,Port Blair,99,IN,1619465245,78,11.6667,92.75,81.36,6.69
889,Barrow,1,US,1619465245,73,71.2906,-156.7887,15.8,17.27
890,Strezhevoy,75,RU,1619465245,87,60.7333,77.5889,39.2,4.47
891,Ryde,92,GB,1619465246,80,50.73,-1.1621,50.0,11.63
892,Rāmpura,0,IN,1619465246,15,30.25,75.2333,85.5,3.15
893,Zhigansk,100,RU,1619465246,91,66.7697,123.3711,13.62,17.45
894,Vidim,24,RU,1619465246,97,56.4088,103.1106,21.88,3.2
895,Korla,33,CN,1619465247,34,41.7597,86.1469,55.51,8.52
896,Oyem,99,GA,1619465247,96,1.5995,11.5793,70.39,0.65
897,Hammerfest,90,NO,1619465247,86,70.6634,23.6821,30.2,2.3
898,Tecpan,40,GT,1619465247,36,14.7623,-90.9947,82.4,13.8
899,Tigil',100,RU,1619465248,96,57.8,158.6667,26.6,3.42
900,Hasaki,20,JP,1619465248,81,35.7333,140.8333,39.2,1.14
901,Fortuna,90,US,1619465248,81,40.5982,-124.1573,55.99,10.36
902,Hofn,40,IS,1619465248,75,64.2539,-15.2082,39.2,8.05
903,Viedma,0,AR,1619465249,30,-40.8135,-62.9967,70.92,13.58
904,Omsukchan,18,RU,1619465249,97,62.5333,155.8,-1.41,3.69
905,Ritchie,100,ZA,1619465249,47,-29.038,24.6028,57.2,5.75
906,Taraz,0,KZ,1619465249,76,42.9,71.3667,51.8,8.95
907,Aracruz,0,BR,1619465250,74,-19.8203,-40.2733,82.99,12.66
908,Mandalī,99,IQ,1619465250,16,33.7499,45.5541,87.62,6.6
909,Kirpilskaya,20,RU,1619465250,93,45.377,39.6931,48.0,8.95
910,Yerbogachën,11,RU,1619465250,84,61.2767,108.0108,16.12,7.34
911,Geraldton,21,AU,1619465022,72,-28.7667,114.6,59.0,9.22
912,Faanui,96,PF,1619465251,68,-16.4833,-151.75,80.53,5.14
913,Marsh Harbour,0,BS,1619465251,68,26.5412,-77.0636,75.49,15.12
914,Los Llanos de Aridane,75,ES,1619464988,64,28.6585,-17.9182,69.8,3.44
915,San Vicente,0,AR,1619465251,34,-26.6167,-54.1333,70.59,4.81
916,Bandundu Province,93,CD,1619465252,88,-3.3167,17.3667,75.63,3.47
917,Matara,100,LK,1619465252,88,5.9485,80.5353,78.06,3.71
918,Miraflores,20,MX,1619465252,24,19.2167,-98.8083,82.4,4.61
919,Potchefstroom,100,ZA,1619465252,22,-26.7167,27.1,59.79,1.19
920,Guane,51,CU,1619465253,49,22.2025,-84.0875,89.01,4.99
921,Sambava,44,MG,1619465253,87,-14.2667,50.1667,76.51,8.37
922,Marrakesh,40,MA,1619465206,49,31.6315,-8.0083,69.8,16.11
923,Vestmanna,75,FO,1619465253,87,62.1564,-7.1664,41.0,19.57
924,Xiongyue,100,CN,1619465253,89,40.1774,122.1228,52.65,8.52
925,Jardim,0,BR,1619465254,35,-21.4803,-56.1381,82.04,6.58
926,Port Hawkesbury,90,CA,1619465254,93,45.6169,-61.3485,48.2,11.5
927,Aykhal,100,RU,1619465254,95,66.0,111.5,6.73,10.92
928,Tuatapere,96,NZ,1619465254,88,-46.1333,167.6833,39.99,1.01
929,Iqaluit,75,CA,1619465255,86,63.7506,-68.5145,32.0,21.85
930,Ürümqi,0,CN,1619465049,54,43.801,87.6005,51.8,6.71
931,Santa Vitória do Palmar,84,BR,1619465255,54,-33.5189,-53.3681,65.79,10.74
932,Florø,20,NO,1619465255,53,61.5996,5.0328,44.6,3.44
933,Anadyr,100,RU,1619465256,100,64.75,177.4833,21.2,2.24
934,Mae Ramat,99,TH,1619465256,94,16.984,98.5166,74.03,1.12
935,Ostrovnoy,100,RU,1619465256,77,68.0531,39.5131,30.15,19.08
936,Lavrentiya,100,RU,1619465256,83,65.5833,-171.0,26.51,2.33
937,Forécariah,40,GN,1619465257,61,9.4306,-13.0881,82.4,11.5
938,Luganville,94,VU,1619465257,86,-15.5333,167.1667,77.14,5.14
939,Lithgow,90,AU,1619465257,100,-33.4833,150.15,55.0,0.38
940,Bagdarin,100,RU,1619465257,73,54.4333,113.6,26.28,9.48
941,Laguna,20,US,1619465257,41,38.421,-121.4238,63.0,4.27
942,Beidao,83,CN,1619465258,61,34.5686,105.8933,50.2,3.58
943,Buala,97,SB,1619465258,82,-8.145,159.5921,80.42,4.99
944,Barabai,84,ID,1619465258,96,-2.5833,115.3833,74.3,1.43
945,Grindavik,0,IS,1619465259,66,63.8424,-22.4338,48.2,5.75
946,Abū Zabad,86,SD,1619465259,19,12.35,29.25,89.76,5.08
947,Peace River,90,CA,1619465047,60,56.2501,-117.286,33.8,16.11
948,Mariehamn,20,AX,1619465259,80,60.0973,19.9348,35.6,8.05
949,Malye Derbety,100,RU,1619465259,93,47.9547,44.6808,42.22,5.48
950,Chancay,75,PE,1619465260,77,-11.5714,-77.2672,69.01,8.05
951,Carutapera,100,BR,1619465260,73,-1.195,-46.02,83.14,7.52
952,Andenes,75,NO,1619465260,75,69.3143,16.1194,33.8,14.97
953,Okhotsk,83,RU,1619465260,85,59.3833,143.3,17.85,2.62
954,Matagami,1,CA,1619465261,41,49.7502,-77.6328,39.2,14.97
955,Esperance,100,AU,1619465031,52,-33.8667,121.9,64.4,12.66
956,Ghanzi,0,BW,1619465261,30,-21.5667,21.7833,67.98,3.83
957,Derveni,42,GR,1619465261,59,38.1333,22.4167,57.0,1.01
958,Quatre Cocos,75,MU,1619465261,83,-20.2078,57.7625,78.8,14.97
959,San Quintín,100,MX,1619465262,72,30.4833,-115.95,61.72,13.87
960,Bideford,94,GB,1619465262,75,51.0179,-4.2046,50.0,4.21
961,Soledade,16,BR,1619465262,47,-28.8183,-52.5103,64.96,4.16
962,Abu Dhabi,0,AE,1619464992,22,24.4667,54.3667,91.4,4.61
963,Yumen,100,CN,1619465262,20,40.2833,97.2,40.96,10.89
964,Hithadhoo,10,MV,1619465263,63,-0.6,73.0833,82.99,4.94
965,Dauriya,100,RU,1619465263,89,49.9333,116.8667,32.22,30.8
966,Binga,13,ZW,1619465263,60,-17.6203,27.3414,73.22,1.05
967,Vao,72,NC,1619465263,67,-22.6667,167.4833,73.62,23.04
968,Riyadh,0,SA,1619465172,19,24.6877,46.7219,89.6,2.3
969,Winnemucca,75,US,1619465264,49,40.973,-117.7357,42.8,6.91
970,Conceição das Alagoas,0,BR,1619465264,42,-19.9147,-48.3883,82.4,9.22
971,Maceió,20,BR,1619464976,65,-9.6658,-35.7353,84.2,12.66
972,Ballina,75,AU,1619465264,94,-28.8667,153.5667,57.2,6.42
973,Tilichiki,100,RU,1619465264,98,60.4667,166.1,29.98,3.53
974,Bubaque,13,GW,1619465265,69,11.2833,-15.8333,78.96,17.92
975,Laas,75,IT,1619465265,100,46.6166,10.7002,55.4,6.91
976,Le Port,75,RE,1619465265,88,-20.9373,55.2919,75.2,18.41
977,Kieta,55,PG,1619465265,83,-6.2167,155.6333,78.96,2.51
978,Roald,0,NO,1619465266,81,62.5833,6.1333,41.0,14.97
979,Gogrial,85,SS,1619465266,48,8.5332,28.1004,84.85,6.22
980,Maragogi,98,BR,1619465266,80,-9.0122,-35.2225,80.47,9.57
981,Half Moon Bay,40,US,1619465267,76,37.4636,-122.4286,60.8,8.05
982,Kargasok,100,RU,1619465267,92,59.0556,80.8572,40.23,9.19
983,Adré,0,TD,1619465267,7,13.4667,22.2,86.25,11.97
984,Guarapari,0,BR,1619465267,74,-20.6667,-40.4975,82.99,12.66
985,Avera,1,US,1619465268,38,33.194,-82.5271,78.8,6.91
986,Robinsonville,1,US,1619465268,57,31.4677,-97.1147,78.8,16.11
987,Kropotkin,100,RU,1619465268,82,45.4375,40.5756,48.0,11.65
988,Along,24,IN,1619465268,60,28.1667,94.7667,67.26,2.51
989,Kiunga,100,PG,1619465269,99,-6.1219,141.2906,73.18,2.42
990,Kupang,79,ID,1619465269,70,-10.1667,123.5833,72.97,6.51
991,Redcar,95,GB,1619465269,62,54.6166,-1.06,52.0,10.0
992,Namatanai,43,PG,1619464990,80,-3.6667,152.4333,79.21,3.58
993,Broome,1,US,1619465269,39,42.2506,-75.833,50.0,13.8
994,Mossamedes,2,AO,1619465270,73,-15.1961,12.1522,76.55,6.91
995,Moerai,100,PF,1619465270,74,-22.4333,-151.3333,77.65,10.63
996,Mineiros,96,BR,1619465270,44,-17.5694,-52.5511,82.35,2.93
997,Kultuk,100,RU,1619465271,96,51.7208,103.6956,35.06,4.92
998,Owando,74,CG,1619465271,75,-0.4819,15.8999,77.81,2.98
999,Otukpo,1,NG,1619465271,54,7.1913,8.1329,85.53,5.26
1000,Lorengau,98,PG,1619465016,76,-2.0226,147.2712,80.76,1.66
1001,Huarmey,13,PE,1619465271,73,-10.0681,-78.1522,73.24,12.03
1002,Salalah,40,OM,1619465272,74,17.0151,54.0924,82.4,5.75
1003,Tahe,100,CN,1619465272,59,52.3333,124.7333,44.38,3.69
1004,Gbarnga,75,LR,1619465272,71,6.9956,-9.4722,80.98,2.98
1005,Amalāpuram,2,IN,1619465272,79,16.5833,82.0167,79.14,1.95
1006,Aden,74,YE,1619465250,76,12.7794,45.0367,83.14,14.65
1007,Khvoynaya,100,RU,1619465273,98,58.9,34.5333,32.94,5.99
1008,Zhangye,83,CN,1619465273,23,38.9342,100.4517,43.74,9.89
1009,Balkanabat,27,TM,1619465273,30,39.5108,54.3671,81.66,7.47
1010,Guadalupe,75,MX,1619465273,54,25.6833,-100.25,87.01,11.5
1011,Sfântu Gheorghe,97,RO,1619465274,88,45.8667,25.7833,30.99,3.11
1012,Bilma,23,NE,1619465274,9,18.6853,12.9164,93.87,10.11
1013,Gainesville,20,US,1619465274,42,29.6516,-82.3248,86.0,5.75
1014,Dābhol,5,IN,1619465274,70,17.6,73.1667,80.08,3.42
1015,Graham,20,US,1619465084,82,47.0529,-122.2943,55.99,4.61
1016,Hanstholm,0,DK,1619465275,54,57.1167,8.6167,41.0,4.43
1017,Boguchany,89,RU,1619465275,95,58.3814,97.4531,27.93,3.44
1018,Komsomol'skoye,16,RU,1619465275,61,55.2567,47.5461,40.32,6.35
1019,Aksarka,100,RU,1619465275,98,66.5606,67.7975,34.45,9.06
1020,Cap Malheureux,100,MU,1619465276,83,-19.9842,57.6142,77.0,5.99
1021,Zeya,100,RU,1619465276,69,53.75,127.2667,47.23,8.95
1022,Ulaanbaatar,0,MN,1619465258,74,47.9077,106.8832,24.8,4.47
1023,Rock Sound,0,BS,1619465276,71,24.9,-76.2,79.3,7.05
1024,Ponta do Sol,94,PT,1619465277,75,32.6667,-17.1,64.0,1.01
1025,Puerto Ayacucho,48,VE,1619465277,46,5.6639,-67.6236,93.25,3.49
1026,Coyhaique,75,CL,1619465277,62,-45.5752,-72.0662,57.2,4.61
1027,Morant Bay,75,JM,1619465277,69,17.8815,-76.4093,82.99,12.66
1028,Honiara,97,SB,1619465278,87,-9.4333,159.95,76.98,4.03
1029,Saint-Joseph,75,RE,1619465278,78,-21.3667,55.6167,77.0,20.71
1030,Acapulco de Juárez,1,MX,1619465278,62,16.8634,-99.8901,87.8,12.66
1031,Aloleng,33,PH,1619465278,75,16.1307,119.7824,78.57,3.85
1032,Étampes,88,FR,1619465279,51,48.4333,2.15,57.99,1.99
1033,Abhā,0,SA,1619465279,88,18.2164,42.5053,59.0,2.06
1034,Makakilo City,1,US,1619465279,57,21.3469,-158.0858,78.8,4.61
1035,Dwārka,0,IN,1619465279,79,22.2394,68.9678,81.16,12.06
1036,Nizwá,99,OM,1619465280,19,22.9333,57.5333,83.8,2.59
1037,Kavaratti,0,IN,1619465280,72,10.5669,72.642,84.25,6.29
1038,Mogadishu,95,SO,1619465280,75,2.0371,45.3438,83.53,10.47
1039,Burnie,9,AU,1619465280,80,-41.0667,145.9167,48.99,11.01
1040,Peniche,100,PT,1619465281,90,39.3558,-9.3811,60.01,1.99
1041,Lüderitz,72,NA,1619465281,90,-26.6481,15.1594,61.81,7.87
1042,Vostok,19,RU,1619465281,55,46.4856,135.8833,31.39,4.92
1043,Warrington,60,GB,1619465281,54,53.3925,-2.5802,57.2,6.91
1044,Bitung,20,ID,1619465282,94,1.4451,125.1824,75.2,1.14
1045,Hobyo,23,SO,1619465282,72,5.3505,48.5268,83.97,10.63
1046,Neryungri,100,RU,1619465282,98,56.6709,124.6491,31.69,2.01
1047,Sur,0,OM,1619465282,39,22.5667,59.5289,87.1,10.07
1048,Jamame,10,SO,1619465283,75,0.0722,42.7506,81.75,7.85
1049,Graaff-Reinet,100,ZA,1619465283,25,-32.2522,24.5308,79.0,1.01
1050,Nosy Varika,100,MG,1619465283,92,-20.5833,48.5333,72.36,1.99
1051,Mbandaka,79,CD,1619465283,79,0.0487,18.2603,77.49,3.76
1052,Vokhma,99,RU,1619465284,94,58.9303,46.7586,37.29,10.47
1053,Grand-Santi,100,GF,1619465284,96,4.25,-54.3833,79.25,4.61
1054,Padang,97,ID,1619465048,87,-0.9492,100.3543,77.88,4.0
1055,Qaqortoq,75,GL,1619465284,81,60.7167,-46.0333,39.2,11.5
1056,Paamiut,100,GL,1619465285,94,61.994,-49.6678,34.79,7.61
1057,Port Macquarie,3,AU,1619465285,99,-31.4333,152.9167,54.0,1.99
1058,Mandalgovi,100,MN,1619465285,79,45.7625,106.2708,29.1,11.52
1059,Banes,20,CU,1619465285,40,20.9625,-75.7186,89.6,13.8
1060,Ossora,100,RU,1619465286,94,59.2353,163.0719,29.88,3.38
1061,Dogondoutchi,14,NE,1619465286,18,13.6393,4.0287,96.39,8.32
1062,Porto-Novo,20,BJ,1619465286,74,6.4965,2.6036,86.0,13.8
1063,Tuxpan,90,MX,1619465286,42,19.55,-103.4,86.0,9.22
1064,Tondano,20,ID,1619465287,94,1.3038,124.9112,75.2,1.14
1065,Dārāb,79,IR,1619465287,36,28.7519,54.5444,70.99,1.86
1066,Treinta y Tres,0,UY,1619465287,57,-33.2333,-54.3833,67.19,9.28
1067,Revelstoke,1,CA,1619465287,38,50.9832,-118.2023,59.0,9.22
1068,Bozeman,75,US,1619465288,49,45.6796,-111.0386,48.99,5.75
1069,Zelenoborskiy,63,RU,1619465288,91,66.845,32.3622,26.17,3.0
1070,Savalou,2,BJ,1619465288,58,7.9281,1.9756,86.77,11.32
1071,Inuvik,6,CA,1619465288,57,68.3499,-133.7218,15.8,10.36
1072,Sānchi,0,IN,1619465289,27,23.4833,77.7333,78.8,4.61
1073,Mahébourg,75,MU,1619465289,83,-20.4081,57.7,78.8,14.97
1074,Biak,97,ID,1619465289,84,-0.9131,122.8766,75.65,5.32
1075,Celestún,6,MX,1619465290,53,20.8667,-90.4,88.2,8.59
1076,Barra do Garças,75,BR,1619465290,45,-15.89,-52.2567,87.8,2.3
1077,Fujin,100,CN,1619465290,58,47.26,132.0322,43.39,11.16
1078,Sibolga,90,ID,1619465290,87,1.7427,98.7792,77.99,3.13
1079,Zhezkazgan,100,KZ,1619465291,40,47.8043,67.7144,59.32,9.04
1080,San Rafael,0,AR,1619465291,41,-34.6177,-68.3301,72.46,9.82
1081,Severobaykal'sk,94,RU,1619465291,85,55.65,109.3167,27.21,7.67
1082,Gravdal,40,NO,1619465291,75,68.1214,13.5031,35.6,4.61
1083,Norman Wells,75,CA,1619465055,41,65.282,-126.8329,15.8,5.75
1084,Palmer,20,US,1619465292,26,42.1584,-72.3287,54.0,19.57
1085,Henties Bay,3,NA,1619465292,87,-22.116,14.2845,64.0,5.99
1086,Sabang,67,ID,1619465292,74,5.8933,95.3214,82.89,8.01
1087,Arman',17,RU,1619465292,90,59.7,150.1667,12.15,5.48
1088,Lamu,62,KE,1619465293,80,-2.2717,40.902,81.45,12.06
1089,Båtsfjord,75,NO,1619465293,80,70.6345,29.7185,33.8,9.22
1090,Rast,0,RO,1619465293,47,43.8833,23.2833,61.0,5.75
1091,Tommot,100,RU,1619465293,99,58.9564,126.2925,32.85,1.12
1092,West Richland,1,US,1619465294,34,46.3043,-119.3614,64.4,5.75
1093,Shīeli,6,KZ,1619465294,23,44.1667,66.75,65.71,6.69
1094,Klaksvík,75,FO,1619465294,87,62.2266,-6.589,41.0,19.57
1095,Xining,54,CN,1619465294,49,36.6167,101.7667,39.7,3.47
1096,Jennings,75,US,1619465295,36,38.7192,-90.2604,80.01,21.85
1097,Yola,22,NG,1619465295,29,9.2,12.4833,95.31,3.62
